MapDate,StateAbbreviation,StatisticFormatID,ValidStart,ValidEnd,D0,D1,D2,D3,D4,None
20240709,Combine,1,2024-07-09,2024-07-15,20.58,5.56,0.06,0.00,0.00,79.42
20240702,Combine,1,2024-07-02,2024-07-08,27.75,7.16,0.00,0.00,0.00,72.25
20240625,Combine,1,2024-06-25,2024-07-01,29.07,4.43,0.00,0.00,0.00,70.93
20240618,Combine,1,2024-06-18,2024-06-24,25.12,1.71,0.00,0.00,0.00,74.88
20240611,Combine,1,2024-06-11,2024-06-17,10.26,0.86,0.00,0.00,0.00,89.74
20240604,Combine,1,2024-06-04,2024-06-10,8.99,1.09,0.00,0.00,0.00,91.01
20240528,Combine,1,2024-05-28,2024-06-03,11.17,2.00,0.00,0.00,0.00,88.83
20240521,Combine,1,2024-05-21,2024-05-27,15.59,5.47,0.00,0.00,0.00,84.41
20240514,Combine,1,2024-05-14,2024-05-20,21.14,7.66,1.48,0.00,0.00,78.86
20240507,Combine,1,2024-05-07,2024-05-13,24.71,9.29,1.81,0.00,0.00,75.29
20240430,Combine,1,2024-04-30,2024-05-06,32.45,16.70,4.69,0.22,0.00,67.55
20240423,Combine,1,2024-04-23,2024-04-29,39.52,21.13,5.94,0.24,0.00,60.48
20240416,Combine,1,2024-04-16,2024-04-22,44.27,22.12,5.85,0.67,0.00,55.73
20240409,Combine,1,2024-04-09,2024-04-15,43.93,22.49,6.49,0.95,0.00,56.07
20240402,Combine,1,2024-04-02,2024-04-08,51.39,22.50,6.23,1.04,0.00,48.61
20240326,Combine,1,2024-03-26,2024-04-01,55.40,21.95,6.37,1.09,0.00,44.60
20240319,Combine,1,2024-03-19,2024-03-25,62.64,30.50,9.38,1.83,0.00,37.36
20240312,Combine,1,2024-03-12,2024-03-18,65.05,32.44,9.48,1.86,0.00,34.95
20240305,Combine,1,2024-03-05,2024-03-11,68.12,29.15,9.67,1.86,0.00,31.88
20240227,Combine,1,2024-02-27,2024-03-04,62.77,25.12,9.05,1.71,0.00,37.23
20240220,Combine,1,2024-02-20,2024-02-26,49.00,21.22,9.05,1.71,0.00,51.00
20240213,Combine,1,2024-02-13,2024-02-19,45.25,19.94,9.10,1.71,0.00,54.75
20240206,Combine,1,2024-02-06,2024-02-12,45.67,20.17,9.30,1.73,0.00,54.33
20240130,Combine,1,2024-01-30,2024-02-05,47.09,21.60,9.92,1.73,0.00,52.91
20240123,Combine,1,2024-01-23,2024-01-29,58.55,29.89,12.95,2.94,0.02,41.45
20240116,Combine,1,2024-01-16,2024-01-22,58.71,31.26,13.62,4.16,0.02,41.29
20240109,Combine,1,2024-01-09,2024-01-15,62.51,40.92,17.75,4.77,0.02,37.49
20240102,Combine,1,2024-01-02,2024-01-08,62.09,40.16,18.61,5.40,0.09,37.91
20231226,Combine,1,2023-12-26,2024-01-01,62.36,38.91,18.81,5.71,0.33,37.64
20231219,Combine,1,2023-12-19,2023-12-25,67.48,40.77,20.70,5.53,0.32,32.52
20231212,Combine,1,2023-12-12,2023-12-18,63.79,37.25,19.04,4.84,0.46,36.21
20231205,Combine,1,2023-12-05,2023-12-11,59.87,35.76,16.12,4.17,0.46,40.13
20231128,Combine,1,2023-11-28,2023-12-04,60.18,35.61,15.69,4.02,0.46,39.82
20231121,Combine,1,2023-11-21,2023-11-27,59.64,33.17,15.12,4.02,0.46,40.36
20231114,Combine,1,2023-11-14,2023-11-20,57.16,31.43,14.57,4.02,0.58,42.84
20231107,Combine,1,2023-11-07,2023-11-13,53.32,29.59,14.04,3.66,0.58,46.68
20231031,Combine,1,2023-10-31,2023-11-06,54.35,29.31,14.51,3.73,0.58,45.65
20231024,Combine,1,2023-10-24,2023-10-30,67.58,41.28,19.19,5.02,0.58,32.42
20231017,Combine,1,2023-10-17,2023-10-23,69.37,41.56,18.55,4.81,0.58,30.63
20231010,Combine,1,2023-10-10,2023-10-16,71.08,47.20,21.10,6.04,0.86,28.92
20231003,Combine,1,2023-10-03,2023-10-09,74.14,49.22,22.16,6.26,0.86,25.86
20230926,Combine,1,2023-09-26,2023-10-02,73.60,47.41,21.72,6.10,0.68,26.40
20230919,Combine,1,2023-09-19,2023-09-25,73.44,46.33,24.88,9.24,1.42,26.56
20230912,Combine,1,2023-09-12,2023-09-18,66.66,43.12,24.50,8.17,0.35,33.34
20230905,Combine,1,2023-09-05,2023-09-11,62.35,40.08,21.49,7.46,0.35,37.65
20230829,Combine,1,2023-08-29,2023-09-04,56.61,37.03,17.96,5.59,0.16,43.39
20230822,Combine,1,2023-08-22,2023-08-28,57.70,35.96,16.38,3.10,0.16,42.30
20230815,Combine,1,2023-08-15,2023-08-21,57.88,35.81,14.30,2.82,0.16,42.12
20230808,Combine,1,2023-08-08,2023-08-14,64.24,40.47,16.06,3.47,0.16,35.76
20230801,Combine,1,2023-08-01,2023-08-07,69.44,47.47,19.28,4.83,0.33,30.56
20230725,Combine,1,2023-07-25,2023-07-31,71.28,49.39,18.58,5.25,0.33,28.72
20230718,Combine,1,2023-07-18,2023-07-24,71.53,47.02,17.96,5.65,0.57,28.47
20230711,Combine,1,2023-07-11,2023-07-17,73.99,50.59,23.14,6.09,0.97,26.01
20230704,Combine,1,2023-07-04,2023-07-10,76.22,50.31,24.83,6.70,1.43,23.78
20230627,Combine,1,2023-06-27,2023-07-03,77.84,52.07,26.34,6.42,1.63,22.16
20230620,Combine,1,2023-06-20,2023-06-26,83.67,48.18,20.81,5.79,1.49,16.33
20230613,Combine,1,2023-06-13,2023-06-19,78.91,41.77,14.86,3.48,1.35,21.09
20230606,Combine,1,2023-06-06,2023-06-12,77.59,34.29,11.91,3.44,1.35,22.41
20230530,Combine,1,2023-05-30,2023-06-05,69.50,25.20,10.53,3.36,1.35,30.50
20230523,Combine,1,2023-05-23,2023-05-29,44.38,20.46,10.51,2.45,0.86,55.62
20230516,Combine,1,2023-05-16,2023-05-22,40.28,19.51,10.35,2.19,0.61,59.72
20230509,Combine,1,2023-05-09,2023-05-15,52.16,25.98,13.24,6.33,0.79,47.84
20230502,Combine,1,2023-05-02,2023-05-08,52.42,24.68,12.22,5.99,0.83,47.58
20230425,Combine,1,2023-04-25,2023-05-01,43.73,22.59,10.71,5.76,0.83,56.27
20230418,Combine,1,2023-04-18,2023-04-24,42.84,21.95,11.34,3.73,0.68,57.16
20230411,Combine,1,2023-04-11,2023-04-17,45.36,23.37,11.63,3.74,0.68,54.64
20230404,Combine,1,2023-04-04,2023-04-10,49.01,24.18,11.63,4.19,0.68,50.99
20230328,Combine,1,2023-03-28,2023-04-03,47.61,26.72,11.80,4.19,0.68,52.39
20230321,Combine,1,2023-03-21,2023-03-27,48.42,27.71,11.88,4.36,0.68,51.58
20230314,Combine,1,2023-03-14,2023-03-20,47.87,28.20,12.12,4.36,0.68,52.13
20230307,Combine,1,2023-03-07,2023-03-13,50.23,31.35,12.21,4.36,0.68,49.77
20230228,Combine,1,2023-02-28,2023-03-06,51.20,32.46,12.02,5.12,0.81,48.80
20230221,Combine,1,2023-02-21,2023-02-27,55.25,36.54,13.01,5.12,1.20,44.75
20230214,Combine,1,2023-02-14,2023-02-20,55.70,38.44,14.74,5.76,1.29,44.30
20230207,Combine,1,2023-02-07,2023-02-13,61.63,40.15,16.54,6.64,1.29,38.37
20230131,Combine,1,2023-01-31,2023-02-06,64.36,40.48,16.67,6.64,1.29,35.64
20230124,Combine,1,2023-01-24,2023-01-30,68.53,40.61,17.13,6.64,1.29,31.47
20230117,Combine,1,2023-01-17,2023-01-23,72.32,41.38,17.14,6.65,1.29,27.68
20230110,Combine,1,2023-01-10,2023-01-16,74.03,41.50,18.16,6.65,1.29,25.97
20230103,Combine,1,2023-01-03,2023-01-09,77.23,48.67,19.84,6.98,1.59,22.77
20221227,Combine,1,2022-12-27,2023-01-02,84.89,58.79,20.05,8.27,2.18,15.11
20221220,Combine,1,2022-12-20,2022-12-26,83.39,56.55,20.05,8.27,2.18,16.61
20221213,Combine,1,2022-12-13,2022-12-19,88.06,66.24,26.71,10.68,2.21,11.94
20221206,Combine,1,2022-12-06,2022-12-12,89.59,67.52,28.24,10.78,2.21,10.41
20221129,Combine,1,2022-11-29,2022-12-05,90.54,66.96,28.49,10.78,2.21,9.46
20221122,Combine,1,2022-11-22,2022-11-28,91.54,70.32,29.36,11.03,2.21,8.46
20221115,Combine,1,2022-11-15,2022-11-21,91.06,69.89,29.22,11.03,2.21,8.94
20221108,Combine,1,2022-11-08,2022-11-14,92.64,71.97,32.58,11.16,1.90,7.36
20221101,Combine,1,2022-11-01,2022-11-07,93.42,73.01,37.43,11.63,1.44,6.58
20221025,Combine,1,2022-10-25,2022-10-31,94.37,72.62,34.26,11.88,1.60,5.63
20221018,Combine,1,2022-10-18,2022-10-24,92.09,66.94,33.74,11.61,1.87,7.91
20221011,Combine,1,2022-10-11,2022-10-17,88.38,57.54,29.49,10.06,1.87,11.62
20221004,Combine,1,2022-10-04,2022-10-10,80.71,51.86,25.85,7.75,1.80,19.29
20220927,Combine,1,2022-09-27,2022-10-03,71.60,47.63,20.65,5.49,1.68,28.40
20220920,Combine,1,2022-09-20,2022-09-26,64.30,38.69,16.09,4.83,1.44,35.70
20220913,Combine,1,2022-09-13,2022-09-19,59.27,27.63,13.27,4.67,1.31,40.73
20220906,Combine,1,2022-09-06,2022-09-12,49.45,26.32,11.89,4.19,1.30,50.55
20220830,Combine,1,2022-08-30,2022-09-05,49.47,26.85,13.33,3.12,0.76,50.53
20220823,Combine,1,2022-08-23,2022-08-29,48.95,27.87,12.44,3.04,0.58,51.05
20220816,Combine,1,2022-08-16,2022-08-22,50.42,29.92,14.21,3.04,0.58,49.58
20220809,Combine,1,2022-08-09,2022-08-15,47.41,30.33,15.07,3.55,0.58,52.59
20220802,Combine,1,2022-08-02,2022-08-08,48.28,32.50,16.32,3.85,0.06,51.72
20220726,Combine,1,2022-07-26,2022-08-01,49.60,30.86,15.95,5.91,0.00,50.40
20220719,Combine,1,2022-07-19,2022-07-25,51.40,31.63,13.10,1.80,0.00,48.60
20220712,Combine,1,2022-07-12,2022-07-18,49.26,27.01,6.96,1.45,0.00,50.74
20220705,Combine,1,2022-07-05,2022-07-11,48.91,21.42,7.18,1.35,0.00,51.09
20220628,Combine,1,2022-06-28,2022-07-04,44.79,17.71,6.87,1.04,0.00,55.21
20220621,Combine,1,2022-06-21,2022-06-27,32.85,15.84,6.59,0.48,0.00,67.15
20220614,Combine,1,2022-06-14,2022-06-20,23.16,14.89,6.00,0.48,0.00,76.84
20220607,Combine,1,2022-06-07,2022-06-13,24.94,17.68,7.48,0.83,0.00,75.06
20220531,Combine,1,2022-05-31,2022-06-06,25.71,18.28,7.76,0.93,0.00,74.29
20220524,Combine,1,2022-05-24,2022-05-30,28.01,20.17,9.00,1.47,0.00,71.99
20220517,Combine,1,2022-05-17,2022-05-23,28.28,20.52,9.09,1.47,0.00,71.72
20220510,Combine,1,2022-05-10,2022-05-16,30.49,22.83,9.81,1.10,0.00,69.51
20220503,Combine,1,2022-05-03,2022-05-09,33.36,23.63,12.02,1.51,0.00,66.64
20220426,Combine,1,2022-04-26,2022-05-02,35.20,24.72,14.20,3.29,0.00,64.80
20220419,Combine,1,2022-04-19,2022-04-25,41.74,28.75,16.98,3.51,0.00,58.26
20220412,Combine,1,2022-04-12,2022-04-18,43.55,31.05,16.68,2.01,0.00,56.45
20220405,Combine,1,2022-04-05,2022-04-11,45.32,32.01,16.96,1.27,0.00,54.68
20220329,Combine,1,2022-03-29,2022-04-04,46.76,33.25,17.00,1.27,0.00,53.24
20220322,Combine,1,2022-03-22,2022-03-28,51.20,33.54,13.34,1.25,0.00,48.80
20220315,Combine,1,2022-03-15,2022-03-21,53.39,35.06,14.18,1.17,0.00,46.61
20220308,Combine,1,2022-03-08,2022-03-14,53.39,34.51,12.88,0.99,0.00,46.61
20220301,Combine,1,2022-03-01,2022-03-07,54.70,35.44,13.02,0.99,0.00,45.30
20220222,Combine,1,2022-02-22,2022-02-28,57.31,34.69,10.29,1.01,0.00,42.69
20220215,Combine,1,2022-02-15,2022-02-21,60.59,36.66,10.51,1.01,0.00,39.41
20220208,Combine,1,2022-02-08,2022-02-14,57.39,31.04,8.83,1.08,0.00,42.61
20220201,Combine,1,2022-02-01,2022-02-07,56.41,26.11,9.17,1.12,0.00,43.59
20220125,Combine,1,2022-01-25,2022-01-31,54.81,25.69,8.94,1.08,0.00,45.19
20220118,Combine,1,2022-01-18,2022-01-24,52.42,25.20,8.39,1.02,0.00,47.58
20220111,Combine,1,2022-01-11,2022-01-17,52.12,24.06,7.34,1.33,0.00,47.88
20220104,Combine,1,2022-01-04,2022-01-10,53.01,24.10,7.50,1.33,0.00,46.99
20211228,Combine,1,2021-12-28,2022-01-03,57.40,24.84,7.54,1.29,0.00,42.60
20211221,Combine,1,2021-12-21,2021-12-27,57.00,25.80,8.86,1.30,0.00,43.00
20211214,Combine,1,2021-12-14,2021-12-20,59.35,28.83,11.65,1.54,0.00,40.65
20211207,Combine,1,2021-12-07,2021-12-13,57.43,31.16,12.63,1.54,0.00,42.57
20211130,Combine,1,2021-11-30,2021-12-06,56.97,30.86,12.02,1.54,0.00,43.03
20211123,Combine,1,2021-11-23,2021-11-29,50.95,29.55,11.31,1.71,0.00,49.05
20211116,Combine,1,2021-11-16,2021-11-22,50.52,29.42,11.27,1.71,0.00,49.48
20211109,Combine,1,2021-11-09,2021-11-15,51.58,30.92,11.95,2.19,0.00,48.42
20211102,Combine,1,2021-11-02,2021-11-08,51.11,30.57,11.95,2.19,0.00,48.89
20211026,Combine,1,2021-10-26,2021-11-01,57.33,35.47,17.59,2.31,0.00,42.67
20211019,Combine,1,2021-10-19,2021-10-25,58.38,35.94,17.84,2.32,0.00,41.62
20211012,Combine,1,2021-10-12,2021-10-18,61.85,39.38,23.56,9.04,0.05,38.15
20211005,Combine,1,2021-10-05,2021-10-11,63.76,42.10,28.59,10.80,0.05,36.24
20210928,Combine,1,2021-09-28,2021-10-04,66.71,44.35,29.03,11.34,0.05,33.29
20210921,Combine,1,2021-09-21,2021-09-27,67.43,42.58,27.48,10.59,0.05,32.57
20210914,Combine,1,2021-09-14,2021-09-20,65.39,42.67,28.83,13.56,1.00,34.61
20210907,Combine,1,2021-09-07,2021-09-13,58.58,42.84,29.50,14.51,1.23,41.42
20210831,Combine,1,2021-08-31,2021-09-06,59.71,44.52,30.96,15.89,1.56,40.29
20210824,Combine,1,2021-08-24,2021-08-30,62.44,48.36,37.09,20.59,2.61,37.56
20210817,Combine,1,2021-08-17,2021-08-23,61.32,47.35,36.89,19.81,2.88,38.68
20210810,Combine,1,2021-08-10,2021-08-16,60.95,45.73,34.62,17.99,2.59,39.05
20210803,Combine,1,2021-08-03,2021-08-09,55.17,44.67,34.38,14.72,1.56,44.83
20210727,Combine,1,2021-07-27,2021-08-02,53.46,44.65,33.33,11.20,1.18,46.54
20210720,Combine,1,2021-07-20,2021-07-26,53.19,44.13,32.17,10.21,0.93,46.81
20210713,Combine,1,2021-07-13,2021-07-19,53.89,43.76,29.45,8.56,0.88,46.11
20210706,Combine,1,2021-07-06,2021-07-12,56.38,44.51,28.96,8.30,1.34,43.62
20210629,Combine,1,2021-06-29,2021-07-05,56.21,42.33,24.41,8.71,2.01,43.79
20210622,Combine,1,2021-06-22,2021-06-28,59.54,42.78,25.13,8.72,2.01,40.46
20210615,Combine,1,2021-06-15,2021-06-21,58.13,39.15,22.82,8.47,2.01,41.87
20210608,Combine,1,2021-06-08,2021-06-14,56.08,34.50,18.97,8.17,2.01,43.92
20210601,Combine,1,2021-06-01,2021-06-07,47.05,27.23,16.32,10.00,2.01,52.95
20210525,Combine,1,2021-05-25,2021-05-31,48.81,26.69,15.60,10.00,2.01,51.19
20210518,Combine,1,2021-05-18,2021-05-24,46.49,28.95,16.34,12.22,1.90,53.51
20210511,Combine,1,2021-05-11,2021-05-17,45.65,28.05,15.70,12.22,0.00,54.35
20210504,Combine,1,2021-05-04,2021-05-10,54.42,29.49,15.70,12.22,0.00,45.58
20210427,Combine,1,2021-04-27,2021-05-03,56.73,28.32,16.56,11.79,0.00,43.27
20210420,Combine,1,2021-04-20,2021-04-26,45.83,27.33,16.68,11.02,0.00,54.17
20210413,Combine,1,2021-04-13,2021-04-19,45.08,26.93,17.16,11.02,0.00,54.92
20210406,Combine,1,2021-04-06,2021-04-12,52.36,30.99,17.62,10.00,0.00,47.64
20210330,Combine,1,2021-03-30,2021-04-05,51.74,31.64,16.21,6.54,0.00,48.26
20210323,Combine,1,2021-03-23,2021-03-29,55.34,32.52,16.28,3.29,0.00,44.66
20210316,Combine,1,2021-03-16,2021-03-22,59.80,32.81,15.96,2.09,0.00,40.20
20210309,Combine,1,2021-03-09,2021-03-15,64.55,41.66,19.55,1.61,0.00,35.45
20210302,Combine,1,2021-03-02,2021-03-08,59.67,40.11,17.92,1.61,0.00,40.33
20210223,Combine,1,2021-02-23,2021-03-01,61.31,38.18,17.76,1.61,0.00,38.69
20210216,Combine,1,2021-02-16,2021-02-22,61.32,38.20,12.90,1.67,0.00,38.68
20210209,Combine,1,2021-02-09,2021-02-15,61.34,39.52,15.62,3.59,0.00,38.66
20210202,Combine,1,2021-02-02,2021-02-08,60.96,39.83,15.62,3.59,0.00,39.04
20210126,Combine,1,2021-01-26,2021-02-01,63.07,41.45,15.73,3.59,0.00,36.93
20210119,Combine,1,2021-01-19,2021-01-25,64.72,38.81,16.04,3.59,0.00,35.28
20210112,Combine,1,2021-01-12,2021-01-18,63.78,38.41,16.48,3.64,0.00,36.22
20210105,Combine,1,2021-01-05,2021-01-11,64.11,38.10,16.49,3.64,0.00,35.89
20201229,Combine,1,2020-12-29,2021-01-04,73.82,39.60,16.22,4.41,0.00,26.18
20201222,Combine,1,2020-12-22,2020-12-28,69.31,38.67,16.22,4.41,0.00,30.69
20201215,Combine,1,2020-12-15,2020-12-21,67.12,38.67,16.22,4.41,0.00,32.88
20201208,Combine,1,2020-12-08,2020-12-14,66.42,37.26,16.20,4.41,0.00,33.58
20201201,Combine,1,2020-12-01,2020-12-07,65.50,35.73,15.37,4.41,0.00,34.50
20201124,Combine,1,2020-11-24,2020-11-30,62.19,31.57,14.57,3.64,0.00,37.81
20201117,Combine,1,2020-11-17,2020-11-23,61.23,30.30,13.96,2.09,0.00,38.77
20201110,Combine,1,2020-11-10,2020-11-16,62.31,31.62,14.11,2.11,0.00,37.69
20201103,Combine,1,2020-11-03,2020-11-09,60.07,30.84,15.18,2.15,0.00,39.93
20201027,Combine,1,2020-10-27,2020-11-02,61.94,31.68,15.30,2.15,0.00,38.06
20201020,Combine,1,2020-10-20,2020-10-26,69.00,34.84,14.36,2.68,0.00,31.00
20201013,Combine,1,2020-10-13,2020-10-19,67.93,35.22,13.14,2.27,0.00,32.07
20201006,Combine,1,2020-10-06,2020-10-12,64.38,30.93,12.78,2.09,0.00,35.62
20200929,Combine,1,2020-09-29,2020-10-05,63.14,28.07,8.89,0.94,0.00,36.86
20200922,Combine,1,2020-09-22,2020-09-28,54.52,22.67,7.74,0.77,0.00,45.48
20200915,Combine,1,2020-09-15,2020-09-21,49.84,21.31,6.26,0.07,0.00,50.16
20200908,Combine,1,2020-09-08,2020-09-14,51.17,24.09,7.31,1.63,0.00,48.83
20200901,Combine,1,2020-09-01,2020-09-07,53.18,24.38,6.38,1.40,0.00,46.82
20200825,Combine,1,2020-08-25,2020-08-31,52.46,20.12,4.98,0.59,0.00,47.54
20200818,Combine,1,2020-08-18,2020-08-24,42.68,15.87,4.19,0.56,0.00,57.32
20200811,Combine,1,2020-08-11,2020-08-17,41.12,13.82,3.33,0.56,0.00,58.88
20200804,Combine,1,2020-08-04,2020-08-10,41.42,13.06,2.34,0.56,0.00,58.58
20200728,Combine,1,2020-07-28,2020-08-03,45.12,15.27,1.79,0.00,0.00,54.88
20200721,Combine,1,2020-07-21,2020-07-27,45.88,14.11,0.95,0.00,0.00,54.12
20200714,Combine,1,2020-07-14,2020-07-20,48.33,10.43,1.15,0.00,0.00,51.67
20200707,Combine,1,2020-07-07,2020-07-13,41.24,9.69,0.82,0.00,0.00,58.76
20200630,Combine,1,2020-06-30,2020-07-06,37.07,11.61,0.08,0.00,0.00,62.93
20200623,Combine,1,2020-06-23,2020-06-29,35.42,11.76,0.08,0.00,0.00,64.58
20200616,Combine,1,2020-06-16,2020-06-22,29.26,7.47,0.00,0.00,0.00,70.74
20200609,Combine,1,2020-06-09,2020-06-15,17.96,5.38,0.00,0.00,0.00,82.04
20200602,Combine,1,2020-06-02,2020-06-08,19.62,6.07,0.00,0.00,0.00,80.38
20200526,Combine,1,2020-05-26,2020-06-01,18.50,1.96,0.00,0.00,0.00,81.50
20200519,Combine,1,2020-05-19,2020-05-25,20.22,1.96,0.00,0.00,0.00,79.78
20200512,Combine,1,2020-05-12,2020-05-18,14.71,0.00,0.00,0.00,0.00,85.29
20200505,Combine,1,2020-05-05,2020-05-11,9.13,0.00,0.00,0.00,0.00,90.87
20200428,Combine,1,2020-04-28,2020-05-04,10.81,0.00,0.00,0.00,0.00,89.19
20200421,Combine,1,2020-04-21,2020-04-27,6.02,0.00,0.00,0.00,0.00,93.98
20200414,Combine,1,2020-04-14,2020-04-20,0.65,0.00,0.00,0.00,0.00,99.35
20200407,Combine,1,2020-04-07,2020-04-13,0.65,0.00,0.00,0.00,0.00,99.35
20200331,Combine,1,2020-03-31,2020-04-06,1.10,0.00,0.00,0.00,0.00,98.90
20200324,Combine,1,2020-03-24,2020-03-30,1.10,0.00,0.00,0.00,0.00,98.90
20200317,Combine,1,2020-03-17,2020-03-23,0.55,0.00,0.00,0.00,0.00,99.45
20200310,Combine,1,2020-03-10,2020-03-16,0.55,0.00,0.00,0.00,0.00,99.45
20200303,Combine,1,2020-03-03,2020-03-09,0.55,0.00,0.00,0.00,0.00,99.45
20200225,Combine,1,2020-02-25,2020-03-02,0.55,0.00,0.00,0.00,0.00,99.45
20200218,Combine,1,2020-02-18,2020-02-24,0.55,0.00,0.00,0.00,0.00,99.45
20200211,Combine,1,2020-02-11,2020-02-17,0.57,0.00,0.00,0.00,0.00,99.43
20200204,Combine,1,2020-02-04,2020-02-10,1.03,0.03,0.00,0.00,0.00,98.97
20200128,Combine,1,2020-01-28,2020-02-03,1.07,0.03,0.00,0.00,0.00,98.93
20200121,Combine,1,2020-01-21,2020-01-27,1.17,0.12,0.00,0.00,0.00,98.83
20200114,Combine,1,2020-01-14,2020-01-20,0.94,0.12,0.00,0.00,0.00,99.06
20200107,Combine,1,2020-01-07,2020-01-13,1.78,0.42,0.03,0.00,0.00,98.22
20191231,Combine,1,2019-12-31,2020-01-06,1.66,0.37,0.03,0.00,0.00,98.34
20191224,Combine,1,2019-12-24,2019-12-30,1.96,0.38,0.01,0.00,0.00,98.04
20191217,Combine,1,2019-12-17,2019-12-23,1.43,0.38,0.00,0.00,0.00,98.57
20191210,Combine,1,2019-12-10,2019-12-16,1.25,0.14,0.00,0.00,0.00,98.75
20191203,Combine,1,2019-12-03,2019-12-09,1.02,0.00,0.00,0.00,0.00,98.98
20191126,Combine,1,2019-11-26,2019-12-02,0.90,0.00,0.00,0.00,0.00,99.10
20191119,Combine,1,2019-11-19,2019-11-25,1.01,0.00,0.00,0.00,0.00,98.99
20191112,Combine,1,2019-11-12,2019-11-18,0.65,0.00,0.00,0.00,0.00,99.35
20191105,Combine,1,2019-11-05,2019-11-11,2.75,0.00,0.00,0.00,0.00,97.25
20191029,Combine,1,2019-10-29,2019-11-04,7.72,2.27,0.00,0.00,0.00,92.28
20191022,Combine,1,2019-10-22,2019-10-28,11.28,3.72,0.21,0.00,0.00,88.72
20191015,Combine,1,2019-10-15,2019-10-21,13.99,5.49,0.31,0.00,0.00,86.01
20191008,Combine,1,2019-10-08,2019-10-14,14.79,5.06,0.22,0.00,0.00,85.21
20191001,Combine,1,2019-10-01,2019-10-07,17.13,4.53,0.78,0.00,0.00,82.87
20190924,Combine,1,2019-09-24,2019-09-30,16.56,3.06,0.38,0.00,0.00,83.44
20190917,Combine,1,2019-09-17,2019-09-23,13.56,2.97,0.21,0.00,0.00,86.44
20190910,Combine,1,2019-09-10,2019-09-16,13.14,3.07,0.00,0.00,0.00,86.86
20190903,Combine,1,2019-09-03,2019-09-09,14.00,2.59,0.00,0.00,0.00,86.00
20190827,Combine,1,2019-08-27,2019-09-02,14.34,2.18,0.07,0.00,0.00,85.66
20190820,Combine,1,2019-08-20,2019-08-26,16.43,2.25,0.07,0.00,0.00,83.57
20190813,Combine,1,2019-08-13,2019-08-19,16.97,2.22,0.07,0.00,0.00,83.03
20190806,Combine,1,2019-08-06,2019-08-12,14.38,0.33,0.00,0.00,0.00,85.62
20190730,Combine,1,2019-07-30,2019-08-05,8.37,0.21,0.00,0.00,0.00,91.63
20190723,Combine,1,2019-07-23,2019-07-29,5.97,0.13,0.00,0.00,0.00,94.03
20190716,Combine,1,2019-07-16,2019-07-22,3.88,0.49,0.00,0.00,0.00,96.12
20190709,Combine,1,2019-07-09,2019-07-15,6.85,1.25,0.27,0.00,0.00,93.15
20190702,Combine,1,2019-07-02,2019-07-08,7.62,1.21,0.27,0.00,0.00,92.38
20190625,Combine,1,2019-06-25,2019-07-01,7.11,1.65,0.43,0.00,0.00,92.89
20190618,Combine,1,2019-06-18,2019-06-24,7.11,2.46,0.77,0.00,0.00,92.89
20190611,Combine,1,2019-06-11,2019-06-17,5.84,1.97,0.00,0.00,0.00,94.16
20190604,Combine,1,2019-06-04,2019-06-10,4.35,1.34,0.00,0.00,0.00,95.65
20190528,Combine,1,2019-05-28,2019-06-03,3.70,0.00,0.00,0.00,0.00,96.30
20190521,Combine,1,2019-05-21,2019-05-27,3.78,0.00,0.00,0.00,0.00,96.22
20190514,Combine,1,2019-05-14,2019-05-20,1.17,0.00,0.00,0.00,0.00,98.83
20190507,Combine,1,2019-05-07,2019-05-13,1.17,0.00,0.00,0.00,0.00,98.83
20190430,Combine,1,2019-04-30,2019-05-06,2.05,0.00,0.00,0.00,0.00,97.95
20190423,Combine,1,2019-04-23,2019-04-29,2.08,0.00,0.00,0.00,0.00,97.92
20190416,Combine,1,2019-04-16,2019-04-22,0.00,0.00,0.00,0.00,0.00,100.00
20190409,Combine,1,2019-04-09,2019-04-15,0.00,0.00,0.00,0.00,0.00,100.00
20190402,Combine,1,2019-04-02,2019-04-08,0.00,0.00,0.00,0.00,0.00,100.00
20190326,Combine,1,2019-03-26,2019-04-01,0.00,0.00,0.00,0.00,0.00,100.00
20190319,Combine,1,2019-03-19,2019-03-25,0.19,0.00,0.00,0.00,0.00,99.81
20190312,Combine,1,2019-03-12,2019-03-18,1.19,0.00,0.00,0.00,0.00,98.81
20190305,Combine,1,2019-03-05,2019-03-11,1.19,0.00,0.00,0.00,0.00,98.81
20190226,Combine,1,2019-02-26,2019-03-04,1.19,0.00,0.00,0.00,0.00,98.81
20190219,Combine,1,2019-02-19,2019-02-25,3.44,0.00,0.00,0.00,0.00,96.56
20190212,Combine,1,2019-02-12,2019-02-18,3.43,0.00,0.00,0.00,0.00,96.57
20190205,Combine,1,2019-02-05,2019-02-11,4.34,0.00,0.00,0.00,0.00,95.66
20190129,Combine,1,2019-01-29,2019-02-04,4.69,0.49,0.00,0.00,0.00,95.31
20190122,Combine,1,2019-01-22,2019-01-28,4.69,0.49,0.00,0.00,0.00,95.31
20190115,Combine,1,2019-01-15,2019-01-21,4.69,0.49,0.00,0.00,0.00,95.31
20190108,Combine,1,2019-01-08,2019-01-14,4.83,0.49,0.00,0.00,0.00,95.17
20190101,Combine,1,2019-01-01,2019-01-07,5.11,1.76,0.00,0.00,0.00,94.89
20181225,Combine,1,2018-12-25,2018-12-31,7.52,2.32,0.00,0.00,0.00,92.48
20181218,Combine,1,2018-12-18,2018-12-24,7.12,2.32,0.00,0.00,0.00,92.88
20181211,Combine,1,2018-12-11,2018-12-17,7.11,2.20,0.00,0.00,0.00,92.89
20181204,Combine,1,2018-12-04,2018-12-10,7.07,1.90,0.00,0.00,0.00,92.93
20181127,Combine,1,2018-11-27,2018-12-03,10.36,3.58,0.00,0.00,0.00,89.64
20181120,Combine,1,2018-11-20,2018-11-26,8.95,3.51,0.00,0.00,0.00,91.05
20181113,Combine,1,2018-11-13,2018-11-19,10.61,3.51,0.00,0.00,0.00,89.39
20181106,Combine,1,2018-11-06,2018-11-12,10.76,3.52,0.80,0.00,0.00,89.24
20181030,Combine,1,2018-10-30,2018-11-05,13.68,3.62,0.80,0.00,0.00,86.32
20181023,Combine,1,2018-10-23,2018-10-29,15.39,5.46,1.17,0.05,0.00,84.61
20181016,Combine,1,2018-10-16,2018-10-22,15.45,5.67,1.17,0.05,0.00,84.55
20181009,Combine,1,2018-10-09,2018-10-15,20.81,8.05,1.86,0.13,0.00,79.19
20181002,Combine,1,2018-10-02,2018-10-08,25.63,13.01,3.31,0.44,0.01,74.37
20180925,Combine,1,2018-09-25,2018-10-01,28.18,13.35,3.72,0.44,0.01,71.82
20180918,Combine,1,2018-09-18,2018-09-24,28.32,13.51,3.69,0.36,0.01,71.68
20180911,Combine,1,2018-09-11,2018-09-17,28.28,12.67,3.08,0.36,0.01,71.72
20180904,Combine,1,2018-09-04,2018-09-10,32.26,14.87,3.36,0.76,0.01,67.74
20180828,Combine,1,2018-08-28,2018-09-03,36.29,15.25,5.71,1.63,0.45,63.71
20180821,Combine,1,2018-08-21,2018-08-27,41.29,16.66,6.07,2.14,0.52,58.71
20180814,Combine,1,2018-08-14,2018-08-20,42.68,19.17,7.43,2.93,0.62,57.32
20180807,Combine,1,2018-08-07,2018-08-13,33.40,16.92,5.88,2.25,0.03,66.60
20180731,Combine,1,2018-07-31,2018-08-06,30.42,14.90,4.20,2.03,0.00,69.58
20180724,Combine,1,2018-07-24,2018-07-30,30.25,13.47,5.43,1.82,0.00,69.75
20180717,Combine,1,2018-07-17,2018-07-23,24.78,11.35,3.37,1.23,0.00,75.22
20180710,Combine,1,2018-07-10,2018-07-16,24.10,11.19,3.16,0.92,0.00,75.90
20180703,Combine,1,2018-07-03,2018-07-09,27.62,10.46,2.78,0.00,0.00,72.38
20180626,Combine,1,2018-06-26,2018-07-02,31.25,10.12,2.67,0.00,0.00,68.75
20180619,Combine,1,2018-06-19,2018-06-25,32.50,9.59,2.73,0.00,0.00,67.50
20180612,Combine,1,2018-06-12,2018-06-18,36.73,13.43,2.14,0.00,0.00,63.27
20180605,Combine,1,2018-06-05,2018-06-11,35.82,13.00,1.96,0.00,0.00,64.18
20180529,Combine,1,2018-05-29,2018-06-04,32.84,12.30,1.76,0.00,0.00,67.16
20180522,Combine,1,2018-05-22,2018-05-28,32.07,11.39,0.76,0.00,0.00,67.93
20180515,Combine,1,2018-05-15,2018-05-21,35.60,11.47,0.62,0.00,0.00,64.40
20180508,Combine,1,2018-05-08,2018-05-14,34.68,10.25,0.39,0.00,0.00,65.32
20180501,Combine,1,2018-05-01,2018-05-07,24.81,10.42,0.39,0.00,0.00,75.19
20180424,Combine,1,2018-04-24,2018-04-30,20.63,9.48,0.00,0.00,0.00,79.37
20180417,Combine,1,2018-04-17,2018-04-23,19.91,8.68,0.00,0.00,0.00,80.09
20180410,Combine,1,2018-04-10,2018-04-16,24.75,10.73,2.02,0.00,0.00,75.25
20180403,Combine,1,2018-04-03,2018-04-09,25.19,10.82,2.02,0.00,0.00,74.81
20180327,Combine,1,2018-03-27,2018-04-02,27.69,12.23,2.15,0.00,0.00,72.31
20180320,Combine,1,2018-03-20,2018-03-26,30.71,12.60,2.99,0.00,0.00,69.29
20180313,Combine,1,2018-03-13,2018-03-19,38.73,14.50,2.99,0.00,0.00,61.27
20180306,Combine,1,2018-03-06,2018-03-12,38.73,14.40,2.49,0.00,0.00,61.27
20180227,Combine,1,2018-02-27,2018-03-05,44.00,17.89,2.48,0.00,0.00,56.00
20180220,Combine,1,2018-02-20,2018-02-26,53.91,28.68,7.33,0.74,0.00,46.09
20180213,Combine,1,2018-02-13,2018-02-19,57.07,30.39,8.23,0.83,0.00,42.93
20180206,Combine,1,2018-02-06,2018-02-12,63.06,31.34,7.92,0.35,0.00,36.94
20180130,Combine,1,2018-01-30,2018-02-05,62.40,29.74,7.89,0.35,0.00,37.60
20180123,Combine,1,2018-01-23,2018-01-29,64.67,28.50,7.89,0.35,0.00,35.33
20180116,Combine,1,2018-01-16,2018-01-22,65.96,26.94,8.21,0.35,0.00,34.04
20180109,Combine,1,2018-01-09,2018-01-15,65.09,27.52,8.30,1.08,0.00,34.91
20180102,Combine,1,2018-01-02,2018-01-08,65.05,27.34,8.31,1.08,0.00,34.95
20171226,Combine,1,2017-12-26,2018-01-01,64.82,26.13,6.56,1.08,0.00,35.18
20171219,Combine,1,2017-12-19,2017-12-25,66.38,28.95,13.04,3.04,0.00,33.62
20171212,Combine,1,2017-12-12,2017-12-18,60.49,27.85,13.04,4.50,0.00,39.51
20171205,Combine,1,2017-12-05,2017-12-11,54.45,27.27,11.76,2.97,0.00,45.55
20171128,Combine,1,2017-11-28,2017-12-04,42.19,24.66,9.97,1.99,0.00,57.81
20171121,Combine,1,2017-11-21,2017-11-27,41.86,23.20,9.43,0.73,0.00,58.14
20171114,Combine,1,2017-11-14,2017-11-20,42.01,22.22,8.55,0.73,0.00,57.99
20171107,Combine,1,2017-11-07,2017-11-13,41.35,21.49,6.07,0.73,0.00,58.65
20171031,Combine,1,2017-10-31,2017-11-06,43.56,21.63,2.67,0.73,0.00,56.44
20171024,Combine,1,2017-10-24,2017-10-30,45.64,21.80,2.67,0.73,0.00,54.36
20171017,Combine,1,2017-10-17,2017-10-23,46.11,20.87,2.91,0.45,0.00,53.89
20171010,Combine,1,2017-10-10,2017-10-16,51.22,24.15,6.33,0.90,0.00,48.78
20171003,Combine,1,2017-10-03,2017-10-09,54.10,25.53,6.96,1.19,0.00,45.90
20170926,Combine,1,2017-09-26,2017-10-02,54.62,21.17,7.28,1.28,0.05,45.38
20170919,Combine,1,2017-09-19,2017-09-25,59.23,27.52,9.74,1.42,0.05,40.77
20170912,Combine,1,2017-09-12,2017-09-18,54.19,27.33,12.25,3.33,0.04,45.81
20170905,Combine,1,2017-09-05,2017-09-11,40.18,22.95,11.90,3.31,0.04,59.82
20170829,Combine,1,2017-08-29,2017-09-04,42.54,23.51,11.97,3.49,0.04,57.46
20170822,Combine,1,2017-08-22,2017-08-28,44.42,24.16,12.26,3.61,0.04,55.58
20170815,Combine,1,2017-08-15,2017-08-21,47.24,28.42,14.59,5.92,0.58,52.76
20170808,Combine,1,2017-08-08,2017-08-14,47.38,28.47,14.78,5.55,0.87,52.62
20170801,Combine,1,2017-08-01,2017-08-07,50.55,30.97,15.12,6.64,0.87,49.45
20170725,Combine,1,2017-07-25,2017-07-31,52.38,28.36,14.62,7.03,0.87,47.62
20170718,Combine,1,2017-07-18,2017-07-24,48.93,24.79,13.29,5.96,0.72,51.07
20170711,Combine,1,2017-07-11,2017-07-17,40.76,21.54,11.39,5.40,0.00,59.24
20170704,Combine,1,2017-07-04,2017-07-10,39.99,17.49,9.57,3.86,0.00,60.01
20170627,Combine,1,2017-06-27,2017-07-03,40.70,16.14,9.21,3.10,0.00,59.30
20170620,Combine,1,2017-06-20,2017-06-26,34.44,15.54,7.04,1.13,0.00,65.56
20170613,Combine,1,2017-06-13,2017-06-19,40.81,17.48,4.69,0.00,0.00,59.19
20170606,Combine,1,2017-06-06,2017-06-12,27.14,17.50,2.95,0.00,0.00,72.86
20170530,Combine,1,2017-05-30,2017-06-05,22.58,5.27,0.00,0.00,0.00,77.42
20170523,Combine,1,2017-05-23,2017-05-29,12.44,1.56,0.00,0.00,0.00,87.56
20170516,Combine,1,2017-05-16,2017-05-22,9.32,0.03,0.00,0.00,0.00,90.68
20170509,Combine,1,2017-05-09,2017-05-15,8.79,0.09,0.00,0.00,0.00,91.21
20170502,Combine,1,2017-05-02,2017-05-08,2.23,0.09,0.00,0.00,0.00,97.77
20170425,Combine,1,2017-04-25,2017-05-01,15.24,1.11,0.00,0.00,0.00,84.76
20170418,Combine,1,2017-04-18,2017-04-24,18.16,2.44,0.35,0.00,0.00,81.84
20170411,Combine,1,2017-04-11,2017-04-17,18.62,2.44,0.35,0.00,0.00,81.38
20170404,Combine,1,2017-04-04,2017-04-10,26.53,6.11,0.18,0.00,0.00,73.47
20170328,Combine,1,2017-03-28,2017-04-03,29.19,13.30,0.53,0.00,0.00,70.81
20170321,Combine,1,2017-03-21,2017-03-27,34.31,17.64,2.51,0.17,0.00,65.69
20170314,Combine,1,2017-03-14,2017-03-20,32.92,17.25,2.48,0.17,0.00,67.08
20170307,Combine,1,2017-03-07,2017-03-13,33.38,17.37,2.49,0.17,0.00,66.62
20170228,Combine,1,2017-02-28,2017-03-06,35.17,13.63,1.56,0.17,0.00,64.83
20170221,Combine,1,2017-02-21,2017-02-27,33.76,13.07,1.26,0.17,0.00,66.24
20170214,Combine,1,2017-02-14,2017-02-20,27.35,10.44,1.26,0.17,0.00,72.65
20170207,Combine,1,2017-02-07,2017-02-13,27.35,8.26,1.26,0.17,0.00,72.65
20170131,Combine,1,2017-01-31,2017-02-06,27.66,8.10,1.07,0.17,0.00,72.34
20170124,Combine,1,2017-01-24,2017-01-30,28.79,11.94,1.81,0.17,0.00,71.21
20170117,Combine,1,2017-01-17,2017-01-23,31.61,13.14,1.33,0.17,0.00,68.39
20170110,Combine,1,2017-01-10,2017-01-16,33.85,15.63,1.54,0.17,0.00,66.15
20170103,Combine,1,2017-01-03,2017-01-09,34.77,11.79,1.45,0.17,0.00,65.23
20161227,Combine,1,2016-12-27,2017-01-02,35.43,9.31,1.40,0.00,0.00,64.57
20161220,Combine,1,2016-12-20,2016-12-26,42.89,14.74,1.65,0.00,0.00,57.11
20161213,Combine,1,2016-12-13,2016-12-19,42.65,15.09,1.50,0.00,0.00,57.35
20161206,Combine,1,2016-12-06,2016-12-12,44.89,15.29,1.64,0.00,0.00,55.11
20161129,Combine,1,2016-11-29,2016-12-05,45.67,15.38,4.70,0.04,0.00,54.33
20161122,Combine,1,2016-11-22,2016-11-28,43.98,16.13,6.47,0.14,0.00,56.02
20161115,Combine,1,2016-11-15,2016-11-21,34.85,14.47,1.47,0.10,0.00,65.15
20161108,Combine,1,2016-11-08,2016-11-14,25.85,11.28,0.83,0.00,0.00,74.15
20161101,Combine,1,2016-11-01,2016-11-07,23.59,10.45,0.52,0.00,0.00,76.41
20161025,Combine,1,2016-10-25,2016-10-31,19.05,6.62,0.28,0.00,0.00,80.95
20161018,Combine,1,2016-10-18,2016-10-24,18.74,5.35,0.18,0.00,0.00,81.26
20161011,Combine,1,2016-10-11,2016-10-17,16.54,4.50,0.18,0.00,0.00,83.46
20161004,Combine,1,2016-10-04,2016-10-10,14.16,2.87,0.18,0.00,0.00,85.84
20160927,Combine,1,2016-09-27,2016-10-03,17.72,3.37,0.63,0.14,0.00,82.28
20160920,Combine,1,2016-09-20,2016-09-26,13.79,5.01,0.79,0.14,0.00,86.21
20160913,Combine,1,2016-09-13,2016-09-19,13.51,5.00,0.78,0.14,0.00,86.49
20160906,Combine,1,2016-09-06,2016-09-12,15.88,5.66,1.13,0.26,0.00,84.12
20160830,Combine,1,2016-08-30,2016-09-05,18.03,6.24,1.74,0.18,0.00,81.97
20160823,Combine,1,2016-08-23,2016-08-29,18.94,7.60,1.91,0.18,0.00,81.06
20160816,Combine,1,2016-08-16,2016-08-22,21.84,8.12,1.85,0.35,0.00,78.16
20160809,Combine,1,2016-08-09,2016-08-15,29.93,11.57,2.96,0.63,0.00,70.07
20160802,Combine,1,2016-08-02,2016-08-08,29.44,11.13,1.99,0.63,0.00,70.56
20160726,Combine,1,2016-07-26,2016-08-01,30.45,10.34,1.99,0.71,0.00,69.55
20160719,Combine,1,2016-07-19,2016-07-25,33.52,9.38,1.97,0.71,0.00,66.48
20160712,Combine,1,2016-07-12,2016-07-18,28.27,7.81,0.71,0.10,0.00,71.73
20160705,Combine,1,2016-07-05,2016-07-11,32.15,8.94,0.91,0.10,0.00,67.85
20160628,Combine,1,2016-06-28,2016-07-04,32.59,8.18,0.74,0.10,0.00,67.41
20160621,Combine,1,2016-06-21,2016-06-27,31.26,4.10,0.35,0.00,0.00,68.74
20160614,Combine,1,2016-06-14,2016-06-20,31.75,1.25,0.05,0.00,0.00,68.25
20160607,Combine,1,2016-06-07,2016-06-13,17.08,0.50,0.05,0.00,0.00,82.92
20160531,Combine,1,2016-05-31,2016-06-06,13.26,0.07,0.00,0.00,0.00,86.74
20160524,Combine,1,2016-05-24,2016-05-30,11.21,0.07,0.00,0.00,0.00,88.79
20160517,Combine,1,2016-05-17,2016-05-23,6.85,0.07,0.00,0.00,0.00,93.15
20160510,Combine,1,2016-05-10,2016-05-16,11.94,0.92,0.00,0.00,0.00,88.06
20160503,Combine,1,2016-05-03,2016-05-09,12.87,0.92,0.00,0.00,0.00,87.13
20160426,Combine,1,2016-04-26,2016-05-02,17.73,1.61,0.00,0.00,0.00,82.27
20160419,Combine,1,2016-04-19,2016-04-25,23.38,3.26,0.00,0.00,0.00,76.62
20160412,Combine,1,2016-04-12,2016-04-18,26.99,5.44,0.00,0.00,0.00,73.01
20160405,Combine,1,2016-04-05,2016-04-11,24.27,2.90,0.00,0.00,0.00,75.73
20160329,Combine,1,2016-03-29,2016-04-04,22.81,1.21,0.00,0.00,0.00,77.19
20160322,Combine,1,2016-03-22,2016-03-28,14.91,1.21,0.00,0.00,0.00,85.09
20160315,Combine,1,2016-03-15,2016-03-21,14.87,1.21,0.00,0.00,0.00,85.13
20160308,Combine,1,2016-03-08,2016-03-14,14.00,0.31,0.00,0.00,0.00,86.00
20160301,Combine,1,2016-03-01,2016-03-07,10.74,0.45,0.00,0.00,0.00,89.26
20160223,Combine,1,2016-02-23,2016-02-29,8.85,0.44,0.00,0.00,0.00,91.15
20160216,Combine,1,2016-02-16,2016-02-22,8.85,0.44,0.00,0.00,0.00,91.15
20160209,Combine,1,2016-02-09,2016-02-15,8.39,0.44,0.00,0.00,0.00,91.61
20160202,Combine,1,2016-02-02,2016-02-08,8.39,0.44,0.00,0.00,0.00,91.61
20160126,Combine,1,2016-01-26,2016-02-01,4.98,0.44,0.00,0.00,0.00,95.02
20160119,Combine,1,2016-01-19,2016-01-25,4.98,0.44,0.00,0.00,0.00,95.02
20160112,Combine,1,2016-01-12,2016-01-18,6.72,0.62,0.00,0.00,0.00,93.28
20160105,Combine,1,2016-01-05,2016-01-11,8.19,0.62,0.00,0.00,0.00,91.81
20151229,Combine,1,2015-12-29,2016-01-04,12.92,1.48,0.00,0.00,0.00,87.08
20151222,Combine,1,2015-12-22,2015-12-28,13.69,1.73,0.00,0.00,0.00,86.31
20151215,Combine,1,2015-12-15,2015-12-21,15.68,1.60,0.00,0.00,0.00,84.32
20151208,Combine,1,2015-12-08,2015-12-14,14.21,1.91,0.00,0.00,0.00,85.79
20151201,Combine,1,2015-12-01,2015-12-07,14.21,2.10,0.00,0.00,0.00,85.79
20151124,Combine,1,2015-11-24,2015-11-30,15.39,2.38,0.00,0.00,0.00,84.61
20151117,Combine,1,2015-11-17,2015-11-23,30.49,4.48,0.00,0.00,0.00,69.51
20151110,Combine,1,2015-11-10,2015-11-16,39.61,10.83,0.00,0.00,0.00,60.39
20151103,Combine,1,2015-11-03,2015-11-09,40.10,11.82,0.00,0.00,0.00,59.90
20151027,Combine,1,2015-10-27,2015-11-02,44.87,15.35,2.82,0.00,0.00,55.13
20151020,Combine,1,2015-10-20,2015-10-26,46.80,13.79,3.89,3.26,0.31,53.20
20151013,Combine,1,2015-10-13,2015-10-19,34.25,6.08,3.86,0.91,0.15,65.75
20151006,Combine,1,2015-10-06,2015-10-12,25.14,4.55,2.81,0.55,0.03,74.86
20150929,Combine,1,2015-09-29,2015-10-05,21.80,3.70,1.44,0.40,0.00,78.20
20150922,Combine,1,2015-09-22,2015-09-28,16.02,2.90,0.96,0.22,0.00,83.98
20150915,Combine,1,2015-09-15,2015-09-21,11.44,2.78,0.82,0.17,0.00,88.56
20150908,Combine,1,2015-09-08,2015-09-14,11.61,2.80,0.58,0.17,0.00,88.39
20150901,Combine,1,2015-09-01,2015-09-07,7.60,1.24,0.38,0.00,0.00,92.40
20150825,Combine,1,2015-08-25,2015-08-31,8.03,0.92,0.01,0.00,0.00,91.97
20150818,Combine,1,2015-08-18,2015-08-24,8.75,0.92,0.03,0.00,0.00,91.25
20150811,Combine,1,2015-08-11,2015-08-17,8.63,0.48,0.00,0.00,0.00,91.37
20150804,Combine,1,2015-08-04,2015-08-10,9.35,0.00,0.00,0.00,0.00,90.65
20150728,Combine,1,2015-07-28,2015-08-03,8.13,0.00,0.00,0.00,0.00,91.87
20150721,Combine,1,2015-07-21,2015-07-27,3.99,0.00,0.00,0.00,0.00,96.01
20150714,Combine,1,2015-07-14,2015-07-20,2.94,0.00,0.00,0.00,0.00,97.06
20150707,Combine,1,2015-07-07,2015-07-13,1.88,0.00,0.00,0.00,0.00,98.12
20150630,Combine,1,2015-06-30,2015-07-06,5.31,0.58,0.00,0.00,0.00,94.69
20150623,Combine,1,2015-06-23,2015-06-29,7.80,0.58,0.00,0.00,0.00,92.20
20150616,Combine,1,2015-06-16,2015-06-22,12.14,1.94,0.00,0.00,0.00,87.86
20150609,Combine,1,2015-06-09,2015-06-15,11.56,0.96,0.00,0.00,0.00,88.44
20150602,Combine,1,2015-06-02,2015-06-08,18.16,3.14,0.00,0.00,0.00,81.84
20150526,Combine,1,2015-05-26,2015-06-01,26.36,5.07,0.16,0.00,0.00,73.64
20150519,Combine,1,2015-05-19,2015-05-25,32.52,8.86,0.16,0.00,0.00,67.48
20150512,Combine,1,2015-05-12,2015-05-18,44.31,20.77,4.97,0.00,0.00,55.69
20150505,Combine,1,2015-05-05,2015-05-11,49.17,29.22,8.92,0.00,0.00,50.83
20150428,Combine,1,2015-04-28,2015-05-04,46.31,28.83,6.30,0.00,0.00,53.69
20150421,Combine,1,2015-04-21,2015-04-27,47.79,26.22,0.00,0.00,0.00,52.21
20150414,Combine,1,2015-04-14,2015-04-20,52.40,25.84,0.00,0.00,0.00,47.60
20150407,Combine,1,2015-04-07,2015-04-13,55.00,22.96,0.00,0.00,0.00,45.00
20150331,Combine,1,2015-03-31,2015-04-06,54.10,22.96,0.00,0.00,0.00,45.90
20150324,Combine,1,2015-03-24,2015-03-30,51.43,16.48,0.00,0.00,0.00,48.57
20150317,Combine,1,2015-03-17,2015-03-23,48.49,16.01,0.00,0.00,0.00,51.51
20150310,Combine,1,2015-03-10,2015-03-16,42.07,3.13,0.09,0.00,0.00,57.93
20150303,Combine,1,2015-03-03,2015-03-09,40.10,3.32,0.19,0.00,0.00,59.90
20150224,Combine,1,2015-02-24,2015-03-02,42.55,4.12,0.39,0.00,0.00,57.45
20150217,Combine,1,2015-02-17,2015-02-23,43.08,4.72,0.77,0.00,0.00,56.92
20150210,Combine,1,2015-02-10,2015-02-16,43.08,4.72,0.77,0.00,0.00,56.92
20150203,Combine,1,2015-02-03,2015-02-09,36.53,4.69,0.49,0.00,0.00,63.47
20150127,Combine,1,2015-01-27,2015-02-02,46.42,4.05,0.00,0.00,0.00,53.58
20150120,Combine,1,2015-01-20,2015-01-26,33.05,2.34,0.00,0.00,0.00,66.95
20150113,Combine,1,2015-01-13,2015-01-19,31.79,1.81,0.00,0.00,0.00,68.21
20150106,Combine,1,2015-01-06,2015-01-12,31.05,1.58,0.00,0.00,0.00,68.95
20141230,Combine,1,2014-12-30,2015-01-05,34.99,2.04,0.00,0.00,0.00,65.01
20141223,Combine,1,2014-12-23,2014-12-29,35.03,2.04,0.00,0.00,0.00,64.97
20141216,Combine,1,2014-12-16,2014-12-22,32.53,1.72,0.00,0.00,0.00,67.47
20141209,Combine,1,2014-12-09,2014-12-15,30.90,1.72,0.00,0.00,0.00,69.10
20141202,Combine,1,2014-12-02,2014-12-08,30.90,1.71,0.00,0.00,0.00,69.10
20141125,Combine,1,2014-11-25,2014-12-01,28.80,1.47,0.00,0.00,0.00,71.20
20141118,Combine,1,2014-11-18,2014-11-24,20.31,1.47,0.00,0.00,0.00,79.69
20141111,Combine,1,2014-11-11,2014-11-17,18.12,1.47,0.00,0.00,0.00,81.88
20141104,Combine,1,2014-11-04,2014-11-10,13.54,1.47,0.00,0.00,0.00,86.46
20141028,Combine,1,2014-10-28,2014-11-03,8.08,1.13,0.00,0.00,0.00,91.92
20141021,Combine,1,2014-10-21,2014-10-27,6.83,0.90,0.00,0.00,0.00,93.17
20141014,Combine,1,2014-10-14,2014-10-20,6.45,0.90,0.00,0.00,0.00,93.55
20141007,Combine,1,2014-10-07,2014-10-13,11.41,1.08,0.00,0.00,0.00,88.59
20140930,Combine,1,2014-09-30,2014-10-06,10.79,1.08,0.00,0.00,0.00,89.21
20140923,Combine,1,2014-09-23,2014-09-29,6.71,0.41,0.00,0.00,0.00,93.29
20140916,Combine,1,2014-09-16,2014-09-22,6.64,0.41,0.00,0.00,0.00,93.36
20140909,Combine,1,2014-09-09,2014-09-15,7.90,0.41,0.00,0.00,0.00,92.10
20140902,Combine,1,2014-09-02,2014-09-08,7.98,0.57,0.00,0.00,0.00,92.02
20140826,Combine,1,2014-08-26,2014-09-01,14.35,1.86,0.00,0.00,0.00,85.65
20140819,Combine,1,2014-08-19,2014-08-25,18.70,1.79,0.00,0.00,0.00,81.30
20140812,Combine,1,2014-08-12,2014-08-18,14.20,1.80,0.00,0.00,0.00,85.80
20140805,Combine,1,2014-08-05,2014-08-11,14.91,2.65,0.00,0.00,0.00,85.09
20140729,Combine,1,2014-07-29,2014-08-04,14.46,2.66,0.00,0.00,0.00,85.54
20140722,Combine,1,2014-07-22,2014-07-28,9.42,2.41,0.00,0.00,0.00,90.58
20140715,Combine,1,2014-07-15,2014-07-21,8.98,1.98,0.00,0.00,0.00,91.02
20140708,Combine,1,2014-07-08,2014-07-14,12.24,2.96,0.04,0.00,0.00,87.76
20140701,Combine,1,2014-07-01,2014-07-07,12.21,2.96,0.04,0.00,0.00,87.79
20140624,Combine,1,2014-06-24,2014-06-30,14.72,3.96,0.32,0.00,0.00,85.28
20140617,Combine,1,2014-06-17,2014-06-23,15.24,5.35,0.86,0.00,0.00,84.76
20140610,Combine,1,2014-06-10,2014-06-16,19.94,7.76,0.88,0.00,0.00,80.06
20140603,Combine,1,2014-06-03,2014-06-09,27.05,12.91,3.47,0.88,0.00,72.95
20140527,Combine,1,2014-05-27,2014-06-02,28.46,14.16,3.94,0.88,0.00,71.54
20140520,Combine,1,2014-05-20,2014-05-26,27.27,14.01,3.19,0.63,0.00,72.73
20140513,Combine,1,2014-05-13,2014-05-19,28.79,13.98,3.18,0.63,0.00,71.21
20140506,Combine,1,2014-05-06,2014-05-12,33.58,17.48,4.21,0.55,0.00,66.42
20140429,Combine,1,2014-04-29,2014-05-05,34.43,14.44,4.06,0.55,0.00,65.57
20140422,Combine,1,2014-04-22,2014-04-28,40.14,16.18,4.29,0.55,0.00,59.86
20140415,Combine,1,2014-04-15,2014-04-21,36.33,16.21,4.29,0.55,0.00,63.67
20140408,Combine,1,2014-04-08,2014-04-14,38.22,17.63,4.43,0.55,0.00,61.78
20140401,Combine,1,2014-04-01,2014-04-07,43.69,18.12,4.43,0.55,0.00,56.31
20140325,Combine,1,2014-03-25,2014-03-31,39.30,18.11,4.43,0.54,0.00,60.70
20140318,Combine,1,2014-03-18,2014-03-24,38.80,17.99,4.43,0.54,0.00,61.20
20140311,Combine,1,2014-03-11,2014-03-17,40.81,15.44,4.43,0.54,0.00,59.19
20140304,Combine,1,2014-03-04,2014-03-10,39.62,14.87,3.74,0.54,0.00,60.38
20140225,Combine,1,2014-02-25,2014-03-03,39.98,14.95,3.94,0.57,0.00,60.02
20140218,Combine,1,2014-02-18,2014-02-24,36.62,17.96,5.06,0.59,0.00,63.38
20140211,Combine,1,2014-02-11,2014-02-17,36.68,17.75,5.31,0.59,0.00,63.32
20140204,Combine,1,2014-02-04,2014-02-10,37.04,18.16,5.31,0.59,0.00,62.96
20140128,Combine,1,2014-01-28,2014-02-03,36.82,18.07,5.31,0.59,0.00,63.18
20140121,Combine,1,2014-01-21,2014-01-27,36.65,18.06,5.28,0.59,0.00,63.35
20140114,Combine,1,2014-01-14,2014-01-20,35.47,18.06,5.28,0.59,0.00,64.53
20140107,Combine,1,2014-01-07,2014-01-13,35.09,18.05,5.28,0.59,0.00,64.91
20131231,Combine,1,2013-12-31,2014-01-06,35.09,18.05,5.28,0.59,0.00,64.91
20131224,Combine,1,2013-12-24,2013-12-30,35.09,18.05,5.28,0.59,0.00,64.91
20131217,Combine,1,2013-12-17,2013-12-23,40.24,18.57,5.40,0.59,0.00,59.76
20131210,Combine,1,2013-12-10,2013-12-16,40.24,18.56,5.40,0.59,0.00,59.76
20131203,Combine,1,2013-12-03,2013-12-09,42.25,18.85,5.50,0.59,0.00,57.75
20131126,Combine,1,2013-11-26,2013-12-02,42.63,18.85,5.50,0.59,0.00,57.37
20131119,Combine,1,2013-11-19,2013-11-25,44.67,19.33,5.50,0.59,0.00,55.33
20131112,Combine,1,2013-11-12,2013-11-18,45.33,19.56,5.67,0.59,0.00,54.67
20131105,Combine,1,2013-11-05,2013-11-11,46.32,22.36,6.50,0.75,0.00,53.68
20131029,Combine,1,2013-10-29,2013-11-04,49.58,24.17,9.71,0.75,0.00,50.42
20131022,Combine,1,2013-10-22,2013-10-28,50.79,24.33,9.71,0.75,0.00,49.21
20131015,Combine,1,2013-10-15,2013-10-21,52.27,26.28,9.95,0.75,0.00,47.73
20131008,Combine,1,2013-10-08,2013-10-14,57.79,30.66,13.16,0.98,0.00,42.21
20131001,Combine,1,2013-10-01,2013-10-07,64.57,38.37,15.04,1.26,0.00,35.43
20130924,Combine,1,2013-09-24,2013-09-30,65.24,40.96,17.06,1.68,0.00,34.76
20130917,Combine,1,2013-09-17,2013-09-23,68.92,41.53,18.59,3.83,0.00,31.08
20130910,Combine,1,2013-09-10,2013-09-16,64.66,41.77,17.65,3.71,0.10,35.34
20130903,Combine,1,2013-09-03,2013-09-09,60.74,39.81,15.43,3.27,0.10,39.26
20130827,Combine,1,2013-08-27,2013-09-02,63.92,38.70,13.61,3.29,0.10,36.08
20130820,Combine,1,2013-08-20,2013-08-26,56.26,21.39,8.67,3.29,0.10,43.74
20130813,Combine,1,2013-08-13,2013-08-19,44.55,20.66,8.61,3.84,0.10,55.45
20130806,Combine,1,2013-08-06,2013-08-12,43.61,21.82,9.17,4.00,0.10,56.39
20130730,Combine,1,2013-07-30,2013-08-05,42.86,20.82,9.86,4.33,0.45,57.14
20130723,Combine,1,2013-07-23,2013-07-29,43.54,21.06,10.53,4.45,0.45,56.46
20130716,Combine,1,2013-07-16,2013-07-22,32.93,19.23,10.19,4.45,0.45,67.07
20130709,Combine,1,2013-07-09,2013-07-15,27.00,16.30,9.27,4.34,0.45,73.00
20130702,Combine,1,2013-07-02,2013-07-08,20.69,15.08,9.27,4.34,0.45,79.31
20130625,Combine,1,2013-06-25,2013-07-01,20.45,15.25,9.09,4.33,0.45,79.55
20130618,Combine,1,2013-06-18,2013-06-24,26.92,17.67,9.49,4.33,0.45,73.08
20130611,Combine,1,2013-06-11,2013-06-17,27.73,18.12,9.68,4.33,0.45,72.27
20130604,Combine,1,2013-06-04,2013-06-10,30.43,19.53,10.13,4.33,0.45,69.57
20130528,Combine,1,2013-05-28,2013-06-03,32.99,21.94,12.61,4.93,0.50,67.01
20130521,Combine,1,2013-05-21,2013-05-27,44.76,26.75,17.14,8.19,0.74,55.24
20130514,Combine,1,2013-05-14,2013-05-20,48.78,32.98,21.92,11.32,0.96,51.22
20130507,Combine,1,2013-05-07,2013-05-13,47.97,33.85,22.24,11.43,0.96,52.03
20130430,Combine,1,2013-04-30,2013-05-06,49.97,36.01,23.01,12.29,1.03,50.03
20130423,Combine,1,2013-04-23,2013-04-29,53.03,37.66,23.22,13.34,1.03,46.97
20130416,Combine,1,2013-04-16,2013-04-22,55.80,42.24,27.38,15.58,1.03,44.20
20130409,Combine,1,2013-04-09,2013-04-15,60.88,52.94,39.56,23.52,3.60,39.12
20130402,Combine,1,2013-04-02,2013-04-08,64.22,54.67,39.97,24.61,12.00,35.78
20130326,Combine,1,2013-03-26,2013-04-01,64.91,54.59,40.56,24.70,12.05,35.09
20130319,Combine,1,2013-03-19,2013-03-25,69.14,54.55,40.53,24.91,11.99,30.86
20130312,Combine,1,2013-03-12,2013-03-18,68.61,55.05,40.26,24.91,11.99,31.39
20130305,Combine,1,2013-03-05,2013-03-11,71.29,63.77,43.32,26.06,13.31,28.71
20130226,Combine,1,2013-02-26,2013-03-04,72.58,64.46,43.82,26.06,13.33,27.42
20130219,Combine,1,2013-02-19,2013-02-25,72.84,65.27,44.57,26.08,13.40,27.16
20130212,Combine,1,2013-02-12,2013-02-18,72.54,65.23,44.67,26.11,13.40,27.46
20130205,Combine,1,2013-02-05,2013-02-11,72.74,65.50,48.67,26.24,13.40,27.26
20130129,Combine,1,2013-01-29,2013-02-04,79.59,69.44,51.75,26.56,13.54,20.41
20130122,Combine,1,2013-01-22,2013-01-28,79.59,69.44,51.75,26.56,13.54,20.41
20130115,Combine,1,2013-01-15,2013-01-21,82.33,71.70,52.55,26.95,13.54,17.67
20130108,Combine,1,2013-01-08,2013-01-14,83.07,72.76,53.33,28.17,13.54,16.93
20130101,Combine,1,2013-01-01,2013-01-07,85.53,73.48,53.33,28.17,13.54,14.47
20121225,Combine,1,2012-12-25,2012-12-31,85.57,73.51,53.40,28.17,13.54,14.43
20121218,Combine,1,2012-12-18,2012-12-24,85.70,73.51,53.28,29.05,13.54,14.30
20121211,Combine,1,2012-12-11,2012-12-17,85.55,73.51,53.21,29.01,13.54,14.45
20121204,Combine,1,2012-12-04,2012-12-10,87.69,75.30,53.64,29.01,13.54,12.31
20121127,Combine,1,2012-11-27,2012-12-03,87.69,74.77,53.46,29.01,13.54,12.31
20121120,Combine,1,2012-11-20,2012-11-26,87.17,73.82,46.70,27.92,13.77,12.83
20121113,Combine,1,2012-11-13,2012-11-19,87.21,73.94,46.69,27.90,13.77,12.79
20121106,Combine,1,2012-11-06,2012-11-12,89.66,78.51,53.24,30.45,13.90,10.34
20121030,Combine,1,2012-10-30,2012-11-05,90.25,80.36,54.02,31.01,13.95,9.75
20121023,Combine,1,2012-10-23,2012-10-29,94.77,84.11,56.37,32.68,13.95,5.23
20121016,Combine,1,2012-10-16,2012-10-22,96.15,86.02,59.50,34.19,13.95,3.85
20121009,Combine,1,2012-10-09,2012-10-15,96.24,87.15,62.45,34.53,14.65,3.76
20121002,Combine,1,2012-10-02,2012-10-08,97.76,90.58,62.18,34.34,13.96,2.24
20120925,Combine,1,2012-09-25,2012-10-01,97.81,89.49,60.36,33.51,10.91,2.19
20120918,Combine,1,2012-09-18,2012-09-24,98.58,87.72,58.33,31.08,10.36,1.42
20120911,Combine,1,2012-09-11,2012-09-17,96.84,84.08,59.69,32.32,10.74,3.16
20120904,Combine,1,2012-09-04,2012-09-10,93.70,81.29,61.79,33.81,10.97,6.30
20120828,Combine,1,2012-08-28,2012-09-03,92.29,80.02,65.87,46.56,12.07,7.71
20120821,Combine,1,2012-08-21,2012-08-27,89.43,79.20,66.01,47.14,12.01,10.57
20120814,Combine,1,2012-08-14,2012-08-20,88.60,79.10,65.79,46.69,13.06,11.40
20120807,Combine,1,2012-08-07,2012-08-13,90.83,80.85,66.98,49.02,8.75,9.17
20120731,Combine,1,2012-07-31,2012-08-06,91.29,81.53,66.95,42.91,7.34,8.71
20120724,Combine,1,2012-07-24,2012-07-30,93.39,82.42,66.34,36.94,5.85,6.61
20120717,Combine,1,2012-07-17,2012-07-23,92.45,81.28,56.26,12.58,1.09,7.55
20120710,Combine,1,2012-07-10,2012-07-16,88.46,73.53,39.39,9.81,0.36,11.54
20120703,Combine,1,2012-07-03,2012-07-09,83.92,60.50,29.64,6.52,0.00,16.08
20120626,Combine,1,2012-06-26,2012-07-02,76.31,50.83,23.14,5.84,0.00,23.69
20120619,Combine,1,2012-06-19,2012-06-25,75.03,45.99,16.15,1.93,0.00,24.97
20120612,Combine,1,2012-06-12,2012-06-18,66.84,24.95,2.01,0.00,0.00,33.16
20120605,Combine,1,2012-06-05,2012-06-11,61.22,20.24,1.15,0.00,0.00,38.78
20120529,Combine,1,2012-05-29,2012-06-04,48.70,16.56,0.46,0.00,0.00,51.30
20120522,Combine,1,2012-05-22,2012-05-28,51.55,11.87,0.50,0.00,0.00,48.45
20120515,Combine,1,2012-05-15,2012-05-21,33.53,5.97,0.08,0.00,0.00,66.47
20120508,Combine,1,2012-05-08,2012-05-14,30.60,5.22,0.04,0.00,0.00,69.40
20120501,Combine,1,2012-05-01,2012-05-07,43.78,16.17,4.29,0.00,0.00,56.22
20120424,Combine,1,2012-04-24,2012-04-30,44.39,19.87,4.79,0.00,0.00,55.61
20120417,Combine,1,2012-04-17,2012-04-23,44.05,19.29,4.93,0.00,0.00,55.95
20120410,Combine,1,2012-04-10,2012-04-16,48.29,22.91,5.65,0.00,0.00,51.71
20120403,Combine,1,2012-04-03,2012-04-09,46.91,21.26,5.31,0.00,0.00,53.09
20120327,Combine,1,2012-03-27,2012-04-02,45.05,19.51,5.31,0.00,0.00,54.95
20120320,Combine,1,2012-03-20,2012-03-26,40.69,19.90,5.31,0.00,0.00,59.31
20120313,Combine,1,2012-03-13,2012-03-19,41.36,18.69,5.31,0.00,0.00,58.64
20120306,Combine,1,2012-03-06,2012-03-12,39.91,18.81,5.31,0.00,0.00,60.09
20120228,Combine,1,2012-02-28,2012-03-05,41.53,20.37,6.13,0.00,0.00,58.47
20120221,Combine,1,2012-02-21,2012-02-27,41.53,21.03,6.13,0.00,0.00,58.47
20120214,Combine,1,2012-02-14,2012-02-20,41.52,21.08,6.18,0.00,0.00,58.48
20120207,Combine,1,2012-02-07,2012-02-13,40.35,20.48,5.70,0.00,0.00,59.65
20120131,Combine,1,2012-01-31,2012-02-06,44.85,21.56,5.85,0.02,0.00,55.15
20120124,Combine,1,2012-01-24,2012-01-30,44.93,21.22,5.85,0.02,0.00,55.07
20120117,Combine,1,2012-01-17,2012-01-23,41.30,15.42,5.85,0.02,0.00,58.70
20120110,Combine,1,2012-01-10,2012-01-16,41.85,15.61,5.88,0.02,0.00,58.15
20120103,Combine,1,2012-01-03,2012-01-09,39.91,15.28,5.88,0.02,0.00,60.09
20111227,Combine,1,2011-12-27,2012-01-02,37.01,15.28,5.88,0.02,0.00,62.99
20111220,Combine,1,2011-12-20,2011-12-26,37.12,15.46,5.98,0.06,0.00,62.88
20111213,Combine,1,2011-12-13,2011-12-19,38.09,15.23,6.34,0.07,0.02,61.91
20111206,Combine,1,2011-12-06,2011-12-12,38.09,15.23,6.34,0.07,0.02,61.91
20111129,Combine,1,2011-11-29,2011-12-05,43.37,17.33,6.67,0.23,0.04,56.63
20111122,Combine,1,2011-11-22,2011-11-28,46.75,20.91,6.72,0.43,0.22,53.25
20111115,Combine,1,2011-11-15,2011-11-21,49.40,22.86,7.78,1.42,0.22,50.60
20111108,Combine,1,2011-11-08,2011-11-14,51.45,28.91,6.88,1.40,0.22,48.55
20111101,Combine,1,2011-11-01,2011-11-07,50.02,28.91,9.10,1.43,0.19,49.98
20111025,Combine,1,2011-10-25,2011-10-31,43.12,22.85,9.16,1.40,0.19,56.88
20111018,Combine,1,2011-10-18,2011-10-24,43.07,20.68,8.04,1.68,0.20,56.93
20111011,Combine,1,2011-10-11,2011-10-17,44.65,23.38,8.80,1.56,0.06,55.35
20111004,Combine,1,2011-10-04,2011-10-10,47.60,21.25,7.89,1.56,0.14,52.40
20110927,Combine,1,2011-09-27,2011-10-03,40.94,18.01,7.19,1.62,0.13,59.06
20110920,Combine,1,2011-09-20,2011-09-26,46.39,21.02,7.99,1.35,0.13,53.61
20110913,Combine,1,2011-09-13,2011-09-19,48.28,22.51,8.96,1.35,0.18,51.72
20110906,Combine,1,2011-09-06,2011-09-12,42.84,19.06,7.50,1.35,0.19,57.16
20110830,Combine,1,2011-08-30,2011-09-05,39.12,18.75,6.47,1.35,0.19,60.88
20110823,Combine,1,2011-08-23,2011-08-29,37.43,14.15,3.34,1.35,0.19,62.57
20110816,Combine,1,2011-08-16,2011-08-22,36.24,13.67,3.24,1.35,0.19,63.76
20110809,Combine,1,2011-08-09,2011-08-15,33.97,15.58,5.86,1.75,0.04,66.03
20110802,Combine,1,2011-08-02,2011-08-08,33.58,11.53,5.86,0.74,0.00,66.42
20110726,Combine,1,2011-07-26,2011-08-01,17.15,8.04,1.25,0.55,0.00,82.85
20110719,Combine,1,2011-07-19,2011-07-25,13.84,3.48,0.97,0.30,0.00,86.16
20110712,Combine,1,2011-07-12,2011-07-18,8.73,3.47,0.97,0.30,0.00,91.27
20110705,Combine,1,2011-07-05,2011-07-11,10.63,2.52,0.90,0.20,0.00,89.37
20110628,Combine,1,2011-06-28,2011-07-04,10.58,1.22,0.90,0.20,0.00,89.42
20110621,Combine,1,2011-06-21,2011-06-27,2.30,1.36,0.90,0.20,0.00,97.70
20110614,Combine,1,2011-06-14,2011-06-20,2.30,1.22,0.90,0.20,0.00,97.70
20110607,Combine,1,2011-06-07,2011-06-13,2.30,1.22,0.90,0.20,0.00,97.70
20110531,Combine,1,2011-05-31,2011-06-06,2.30,1.22,0.89,0.20,0.00,97.70
20110524,Combine,1,2011-05-24,2011-05-30,2.53,1.22,0.92,0.20,0.00,97.47
20110517,Combine,1,2011-05-17,2011-05-23,3.94,1.38,1.07,0.26,0.00,96.06
20110510,Combine,1,2011-05-10,2011-05-16,7.50,1.41,1.07,0.26,0.00,92.50
20110503,Combine,1,2011-05-03,2011-05-09,7.50,1.51,1.07,0.26,0.00,92.50
20110426,Combine,1,2011-04-26,2011-05-02,7.53,2.35,1.15,0.33,0.00,92.47
20110419,Combine,1,2011-04-19,2011-04-25,18.47,7.24,4.11,1.47,0.00,81.53
20110412,Combine,1,2011-04-12,2011-04-18,20.20,9.01,4.14,1.48,0.00,79.80
20110405,Combine,1,2011-04-05,2011-04-11,19.89,9.02,4.16,1.47,0.00,80.11
20110329,Combine,1,2011-03-29,2011-04-04,19.43,7.45,4.13,1.49,0.00,80.57
20110322,Combine,1,2011-03-22,2011-03-28,19.70,7.08,4.09,1.48,0.00,80.30
20110315,Combine,1,2011-03-15,2011-03-21,18.73,7.30,4.08,0.80,0.00,81.27
20110308,Combine,1,2011-03-08,2011-03-14,22.40,9.41,4.08,0.80,0.00,77.60
20110301,Combine,1,2011-03-01,2011-03-07,22.54,10.71,3.55,0.80,0.00,77.46
20110222,Combine,1,2011-02-22,2011-02-28,26.71,11.95,5.32,0.80,0.00,73.29
20110215,Combine,1,2011-02-15,2011-02-21,28.75,12.11,5.06,0.80,0.00,71.25
20110208,Combine,1,2011-02-08,2011-02-14,28.75,12.11,5.06,0.80,0.00,71.25
20110201,Combine,1,2011-02-01,2011-02-07,29.07,12.11,6.50,1.29,0.00,70.93
20110125,Combine,1,2011-01-25,2011-01-31,29.07,12.11,6.50,1.29,0.00,70.93
20110118,Combine,1,2011-01-18,2011-01-24,29.07,12.11,6.50,1.31,0.00,70.93
20110111,Combine,1,2011-01-11,2011-01-17,26.02,11.82,5.55,1.31,0.00,73.98
20110104,Combine,1,2011-01-04,2011-01-10,26.02,10.35,5.63,1.31,0.00,73.98
20101228,Combine,1,2010-12-28,2011-01-03,26.51,10.70,6.50,1.37,0.00,73.49
20101221,Combine,1,2010-12-21,2010-12-27,24.39,9.88,5.12,0.49,0.00,75.61
20101214,Combine,1,2010-12-14,2010-12-20,22.33,9.64,4.58,0.49,0.00,77.67
20101207,Combine,1,2010-12-07,2010-12-13,23.29,9.71,4.81,0.62,0.00,76.71
20101130,Combine,1,2010-11-30,2010-12-06,23.97,10.15,4.46,0.62,0.00,76.03
20101123,Combine,1,2010-11-23,2010-11-29,30.43,17.57,8.97,2.09,0.00,69.57
20101116,Combine,1,2010-11-16,2010-11-22,30.42,17.56,8.97,2.09,0.00,69.58
20101109,Combine,1,2010-11-09,2010-11-15,27.74,17.22,8.97,2.09,0.00,72.26
20101102,Combine,1,2010-11-02,2010-11-08,25.94,16.72,8.70,1.74,0.00,74.06
20101026,Combine,1,2010-10-26,2010-11-01,25.84,14.48,7.29,0.93,0.00,74.16
20101019,Combine,1,2010-10-19,2010-10-25,27.29,14.37,7.62,1.05,0.00,72.71
20101012,Combine,1,2010-10-12,2010-10-18,26.87,12.28,5.71,0.24,0.00,73.13
20101005,Combine,1,2010-10-05,2010-10-11,22.58,9.52,4.18,0.00,0.00,77.42
20100928,Combine,1,2010-09-28,2010-10-04,23.73,9.52,4.18,0.00,0.00,76.27
20100921,Combine,1,2010-09-21,2010-09-27,23.63,8.95,3.08,0.00,0.00,76.37
20100914,Combine,1,2010-09-14,2010-09-20,23.20,8.88,1.86,0.00,0.00,76.80
20100907,Combine,1,2010-09-07,2010-09-13,25.41,8.09,1.06,0.00,0.00,74.59
20100831,Combine,1,2010-08-31,2010-09-06,28.66,8.09,0.59,0.00,0.00,71.34
20100824,Combine,1,2010-08-24,2010-08-30,15.50,4.46,0.59,0.00,0.00,84.50
20100817,Combine,1,2010-08-17,2010-08-23,11.44,4.11,0.59,0.00,0.00,88.56
20100810,Combine,1,2010-08-10,2010-08-16,10.13,3.99,1.05,0.08,0.00,89.87
20100803,Combine,1,2010-08-03,2010-08-09,9.90,3.99,1.05,0.08,0.00,90.10
20100727,Combine,1,2010-07-27,2010-08-02,10.23,4.33,1.45,0.03,0.00,89.77
20100720,Combine,1,2010-07-20,2010-07-26,10.73,3.91,0.81,0.00,0.00,89.27
20100713,Combine,1,2010-07-13,2010-07-19,10.70,2.91,0.54,0.00,0.00,89.30
20100706,Combine,1,2010-07-06,2010-07-12,10.70,2.91,0.54,0.00,0.00,89.30
20100629,Combine,1,2010-06-29,2010-07-05,8.83,3.37,0.61,0.00,0.00,91.17
20100622,Combine,1,2010-06-22,2010-06-28,8.93,3.05,0.51,0.00,0.00,91.07
20100615,Combine,1,2010-06-15,2010-06-21,7.70,3.04,0.51,0.00,0.00,92.30
20100608,Combine,1,2010-06-08,2010-06-14,9.78,3.61,0.51,0.00,0.00,90.22
20100601,Combine,1,2010-06-01,2010-06-07,9.22,2.93,0.51,0.00,0.00,90.78
20100525,Combine,1,2010-05-25,2010-05-31,7.54,2.94,0.51,0.00,0.00,92.46
20100518,Combine,1,2010-05-18,2010-05-24,9.01,4.04,0.61,0.00,0.00,90.99
20100511,Combine,1,2010-05-11,2010-05-17,11.27,4.22,0.68,0.00,0.00,88.73
20100504,Combine,1,2010-05-04,2010-05-10,11.32,4.17,0.68,0.00,0.00,88.68
20100427,Combine,1,2010-04-27,2010-05-03,11.81,4.17,0.68,0.00,0.00,88.19
20100420,Combine,1,2010-04-20,2010-04-26,9.23,3.48,0.00,0.00,0.00,90.77
20100413,Combine,1,2010-04-13,2010-04-19,8.22,0.23,0.00,0.00,0.00,91.78
20100406,Combine,1,2010-04-06,2010-04-12,3.90,0.21,0.00,0.00,0.00,96.10
20100330,Combine,1,2010-03-30,2010-04-05,3.86,0.21,0.00,0.00,0.00,96.14
20100323,Combine,1,2010-03-23,2010-03-29,4.18,0.21,0.00,0.00,0.00,95.82
20100316,Combine,1,2010-03-16,2010-03-22,4.61,0.21,0.00,0.00,0.00,95.39
20100309,Combine,1,2010-03-09,2010-03-15,3.20,0.21,0.00,0.00,0.00,96.80
20100302,Combine,1,2010-03-02,2010-03-08,3.12,0.21,0.00,0.00,0.00,96.88
20100223,Combine,1,2010-02-23,2010-03-01,3.12,0.21,0.00,0.00,0.00,96.88
20100216,Combine,1,2010-02-16,2010-02-22,3.28,0.21,0.00,0.00,0.00,96.72
20100209,Combine,1,2010-02-09,2010-02-15,3.28,0.21,0.00,0.00,0.00,96.72
20100202,Combine,1,2010-02-02,2010-02-08,3.28,0.21,0.00,0.00,0.00,96.72
20100126,Combine,1,2010-01-26,2010-02-01,3.28,0.21,0.00,0.00,0.00,96.72
20100119,Combine,1,2010-01-19,2010-01-25,4.08,0.21,0.00,0.00,0.00,95.92
20100112,Combine,1,2010-01-12,2010-01-18,4.08,0.21,0.00,0.00,0.00,95.92
20100105,Combine,1,2010-01-05,2010-01-11,4.08,0.21,0.00,0.00,0.00,95.92
20091229,Combine,1,2009-12-29,2010-01-04,5.32,0.21,0.00,0.00,0.00,94.68
20091222,Combine,1,2009-12-22,2009-12-28,5.32,0.21,0.00,0.00,0.00,94.68
20091215,Combine,1,2009-12-15,2009-12-21,5.32,0.21,0.00,0.00,0.00,94.68
20091208,Combine,1,2009-12-08,2009-12-14,5.32,0.21,0.00,0.00,0.00,94.68
20091201,Combine,1,2009-12-01,2009-12-07,4.27,0.21,0.00,0.00,0.00,95.73
20091124,Combine,1,2009-11-24,2009-11-30,4.27,0.21,0.00,0.00,0.00,95.73
20091117,Combine,1,2009-11-17,2009-11-23,4.27,0.21,0.00,0.00,0.00,95.73
20091110,Combine,1,2009-11-10,2009-11-16,4.64,1.31,0.00,0.00,0.00,95.36
20091103,Combine,1,2009-11-03,2009-11-09,4.64,1.31,0.00,0.00,0.00,95.36
20091027,Combine,1,2009-10-27,2009-11-02,6.75,1.65,0.39,0.00,0.00,93.25
20091020,Combine,1,2009-10-20,2009-10-26,11.11,1.73,0.39,0.00,0.00,88.89
20091013,Combine,1,2009-10-13,2009-10-19,12.96,1.73,0.39,0.00,0.00,87.04
20091006,Combine,1,2009-10-06,2009-10-12,16.85,1.87,0.48,0.00,0.00,83.15
20090929,Combine,1,2009-09-29,2009-10-05,20.61,5.08,0.87,0.14,0.00,79.39
20090922,Combine,1,2009-09-22,2009-09-28,21.91,4.71,0.29,0.09,0.00,78.09
20090915,Combine,1,2009-09-15,2009-09-21,15.75,2.10,0.12,0.00,0.00,84.25
20090908,Combine,1,2009-09-08,2009-09-14,17.63,2.89,0.12,0.00,0.00,82.37
20090901,Combine,1,2009-09-01,2009-09-07,13.33,1.80,0.12,0.00,0.00,86.67
20090825,Combine,1,2009-08-25,2009-08-31,14.61,2.24,0.12,0.00,0.00,85.39
20090818,Combine,1,2009-08-18,2009-08-24,18.84,3.23,0.32,0.12,0.00,81.16
20090811,Combine,1,2009-08-11,2009-08-17,22.04,3.47,0.32,0.12,0.00,77.96
20090804,Combine,1,2009-08-04,2009-08-10,21.23,4.08,0.59,0.12,0.00,78.77
20090728,Combine,1,2009-07-28,2009-08-03,18.88,3.70,0.45,0.00,0.00,81.12
20090721,Combine,1,2009-07-21,2009-07-27,17.70,3.15,0.57,0.00,0.00,82.30
20090714,Combine,1,2009-07-14,2009-07-20,14.80,4.30,0.70,0.00,0.00,85.20
20090707,Combine,1,2009-07-07,2009-07-13,14.67,2.48,0.26,0.00,0.00,85.33
20090630,Combine,1,2009-06-30,2009-07-06,10.35,2.13,0.24,0.00,0.00,89.65
20090623,Combine,1,2009-06-23,2009-06-29,13.86,1.50,0.39,0.00,0.00,86.14
20090616,Combine,1,2009-06-16,2009-06-22,16.24,1.46,0.31,0.00,0.00,83.76
20090609,Combine,1,2009-06-09,2009-06-15,18.52,1.46,0.31,0.00,0.00,81.48
20090602,Combine,1,2009-06-02,2009-06-08,19.69,1.46,0.31,0.00,0.00,80.31
20090526,Combine,1,2009-05-26,2009-06-01,8.01,1.16,0.21,0.00,0.00,91.99
20090519,Combine,1,2009-05-19,2009-05-25,6.25,0.92,0.01,0.00,0.00,93.75
20090512,Combine,1,2009-05-12,2009-05-18,3.77,0.92,0.00,0.00,0.00,96.23
20090505,Combine,1,2009-05-05,2009-05-11,5.25,1.13,0.01,0.00,0.00,94.75
20090428,Combine,1,2009-04-28,2009-05-04,7.72,1.13,0.01,0.00,0.00,92.28
20090421,Combine,1,2009-04-21,2009-04-27,4.72,1.35,0.39,0.00,0.00,95.28
20090414,Combine,1,2009-04-14,2009-04-20,6.42,1.35,0.49,0.00,0.00,93.58
20090407,Combine,1,2009-04-07,2009-04-13,7.68,1.12,0.00,0.00,0.00,92.32
20090331,Combine,1,2009-03-31,2009-04-06,7.95,1.12,0.00,0.00,0.00,92.05
20090324,Combine,1,2009-03-24,2009-03-30,8.38,1.12,0.00,0.00,0.00,91.62
20090317,Combine,1,2009-03-17,2009-03-23,7.47,1.23,0.00,0.00,0.00,92.53
20090310,Combine,1,2009-03-10,2009-03-16,7.47,1.23,0.00,0.00,0.00,92.53
20090303,Combine,1,2009-03-03,2009-03-09,7.22,1.23,0.00,0.00,0.00,92.78
20090224,Combine,1,2009-02-24,2009-03-02,6.04,1.25,0.00,0.00,0.00,93.96
20090217,Combine,1,2009-02-17,2009-02-23,6.67,1.25,0.00,0.00,0.00,93.33
20090210,Combine,1,2009-02-10,2009-02-16,7.62,1.25,0.00,0.00,0.00,92.38
20090203,Combine,1,2009-02-03,2009-02-09,7.61,2.05,0.00,0.00,0.00,92.39
20090127,Combine,1,2009-01-27,2009-02-02,11.53,2.53,0.00,0.00,0.00,88.47
20090120,Combine,1,2009-01-20,2009-01-26,11.07,2.53,0.00,0.00,0.00,88.93
20090113,Combine,1,2009-01-13,2009-01-19,11.65,3.26,0.00,0.00,0.00,88.35
20090106,Combine,1,2009-01-06,2009-01-12,11.63,3.26,0.00,0.00,0.00,88.37
20081230,Combine,1,2008-12-30,2009-01-05,11.63,3.37,0.00,0.00,0.00,88.37
20081223,Combine,1,2008-12-23,2008-12-29,15.96,4.06,0.00,0.00,0.00,84.04
20081216,Combine,1,2008-12-16,2008-12-22,16.51,4.33,0.00,0.00,0.00,83.49
20081209,Combine,1,2008-12-09,2008-12-15,16.51,4.39,0.00,0.00,0.00,83.49
20081202,Combine,1,2008-12-02,2008-12-08,19.27,4.53,0.00,0.00,0.00,80.73
20081125,Combine,1,2008-11-25,2008-12-01,14.54,4.12,0.00,0.00,0.00,85.46
20081118,Combine,1,2008-11-18,2008-11-24,14.75,4.12,0.00,0.00,0.00,85.25
20081111,Combine,1,2008-11-11,2008-11-17,16.08,4.52,1.01,0.00,0.00,83.92
20081104,Combine,1,2008-11-04,2008-11-10,16.83,5.45,1.34,0.00,0.00,83.17
20081028,Combine,1,2008-10-28,2008-11-03,16.83,5.45,1.34,0.00,0.00,83.17
20081021,Combine,1,2008-10-21,2008-10-27,20.50,6.91,1.35,0.00,0.00,79.50
20081014,Combine,1,2008-10-14,2008-10-20,20.77,6.46,1.35,0.00,0.00,79.23
20081007,Combine,1,2008-10-07,2008-10-13,30.78,9.07,2.42,1.34,0.00,69.22
20080930,Combine,1,2008-09-30,2008-10-06,31.81,10.06,2.42,1.34,0.00,68.19
20080923,Combine,1,2008-09-23,2008-09-29,28.95,10.44,2.57,1.34,0.00,71.05
20080916,Combine,1,2008-09-16,2008-09-22,27.74,9.27,2.57,1.34,0.00,72.26
20080909,Combine,1,2008-09-09,2008-09-15,32.19,11.55,2.19,0.88,0.00,67.81
20080902,Combine,1,2008-09-02,2008-09-08,34.39,10.89,3.22,1.29,0.00,65.61
20080826,Combine,1,2008-08-26,2008-09-01,39.27,9.10,3.22,1.29,0.00,60.73
20080819,Combine,1,2008-08-19,2008-08-25,25.84,7.17,4.30,2.04,0.00,74.16
20080812,Combine,1,2008-08-12,2008-08-18,23.08,8.02,4.97,3.47,0.00,76.92
20080805,Combine,1,2008-08-05,2008-08-11,28.63,8.89,4.97,3.47,0.00,71.37
20080729,Combine,1,2008-07-29,2008-08-04,26.72,8.64,5.57,4.31,0.00,73.28
20080722,Combine,1,2008-07-22,2008-07-28,26.84,8.32,5.02,2.02,0.00,73.16
20080715,Combine,1,2008-07-15,2008-07-21,19.65,6.71,3.57,0.00,0.00,80.35
20080708,Combine,1,2008-07-08,2008-07-14,15.91,5.61,1.44,0.00,0.00,84.09
20080701,Combine,1,2008-07-01,2008-07-07,12.92,5.75,1.44,0.00,0.00,87.08
20080624,Combine,1,2008-06-24,2008-06-30,14.36,5.60,1.18,0.00,0.00,85.64
20080617,Combine,1,2008-06-17,2008-06-23,13.57,6.69,4.17,0.00,0.00,86.43
20080610,Combine,1,2008-06-10,2008-06-16,15.37,7.80,5.57,3.28,0.00,84.63
20080603,Combine,1,2008-06-03,2008-06-09,18.81,11.17,6.41,4.34,0.00,81.19
20080527,Combine,1,2008-05-27,2008-06-02,21.23,11.58,6.08,3.35,0.00,78.77
20080520,Combine,1,2008-05-20,2008-05-26,23.77,13.97,6.81,3.35,0.00,76.23
20080513,Combine,1,2008-05-13,2008-05-19,23.68,10.15,7.07,3.35,0.00,76.32
20080506,Combine,1,2008-05-06,2008-05-12,24.51,11.00,7.26,3.56,0.00,75.49
20080429,Combine,1,2008-04-29,2008-05-05,24.53,14.30,8.02,3.56,0.00,75.47
20080422,Combine,1,2008-04-22,2008-04-28,25.90,13.65,8.02,3.56,0.00,74.10
20080415,Combine,1,2008-04-15,2008-04-21,25.90,13.10,7.48,2.80,0.00,74.10
20080408,Combine,1,2008-04-08,2008-04-14,28.67,13.68,7.39,2.80,0.00,71.33
20080401,Combine,1,2008-04-01,2008-04-07,30.53,14.75,7.39,2.80,0.00,69.47
20080325,Combine,1,2008-03-25,2008-03-31,32.13,14.85,6.87,0.87,0.00,67.87
20080318,Combine,1,2008-03-18,2008-03-24,32.13,15.59,6.55,0.87,0.00,67.87
20080311,Combine,1,2008-03-11,2008-03-17,32.13,15.59,6.55,0.87,0.00,67.87
20080304,Combine,1,2008-03-04,2008-03-10,32.13,14.59,6.55,0.87,0.00,67.87
20080226,Combine,1,2008-02-26,2008-03-03,30.89,12.86,6.55,0.48,0.00,69.11
20080219,Combine,1,2008-02-19,2008-02-25,30.96,12.86,6.55,0.48,0.00,69.04
20080212,Combine,1,2008-02-12,2008-02-18,33.41,13.02,6.60,0.48,0.00,66.59
20080205,Combine,1,2008-02-05,2008-02-11,33.41,13.02,6.60,0.48,0.00,66.59
20080129,Combine,1,2008-01-29,2008-02-04,31.77,13.02,6.60,0.48,0.00,68.23
20080122,Combine,1,2008-01-22,2008-01-28,28.46,13.00,6.66,0.21,0.00,71.54
20080115,Combine,1,2008-01-15,2008-01-21,28.46,13.03,6.65,0.21,0.00,71.54
20080108,Combine,1,2008-01-08,2008-01-14,27.04,13.03,5.44,0.21,0.00,72.96
20080101,Combine,1,2008-01-01,2008-01-07,27.67,14.42,3.93,0.21,0.00,72.33
20071225,Combine,1,2007-12-25,2007-12-31,27.67,14.30,3.93,0.21,0.00,72.33
20071218,Combine,1,2007-12-18,2007-12-24,27.67,14.30,4.04,0.21,0.00,72.33
20071211,Combine,1,2007-12-11,2007-12-17,30.81,15.16,4.04,0.21,0.00,69.19
20071204,Combine,1,2007-12-04,2007-12-10,37.94,17.35,4.06,0.21,0.00,62.06
20071127,Combine,1,2007-11-27,2007-12-03,37.68,16.78,4.10,0.21,0.00,62.32
20071120,Combine,1,2007-11-20,2007-11-26,37.43,17.61,3.15,0.21,0.00,62.57
20071113,Combine,1,2007-11-13,2007-11-19,37.09,17.18,3.15,0.21,0.00,62.91
20071106,Combine,1,2007-11-06,2007-11-12,35.40,16.88,2.64,0.21,0.00,64.60
20071030,Combine,1,2007-10-30,2007-11-05,32.26,15.12,2.64,0.21,0.00,67.74
20071023,Combine,1,2007-10-23,2007-10-29,37.16,18.24,2.46,0.23,0.00,62.84
20071016,Combine,1,2007-10-16,2007-10-22,43.22,26.08,9.09,2.34,0.00,56.78
20071009,Combine,1,2007-10-09,2007-10-15,44.80,26.56,9.88,1.73,0.00,55.20
20071002,Combine,1,2007-10-02,2007-10-08,45.80,28.31,10.16,1.43,0.00,54.20
20070925,Combine,1,2007-09-25,2007-10-01,44.77,27.40,11.66,2.76,0.00,55.23
20070918,Combine,1,2007-09-18,2007-09-24,44.56,26.86,13.68,3.10,0.00,55.44
20070911,Combine,1,2007-09-11,2007-09-17,46.69,26.20,12.89,3.07,0.00,53.31
20070904,Combine,1,2007-09-04,2007-09-10,53.47,32.94,16.54,4.07,0.00,46.53
20070828,Combine,1,2007-08-28,2007-09-03,53.02,31.72,16.30,3.34,0.00,46.98
20070821,Combine,1,2007-08-21,2007-08-27,64.94,38.78,17.18,2.70,0.00,35.06
20070814,Combine,1,2007-08-14,2007-08-20,68.06,36.98,17.49,2.35,0.00,31.94
20070807,Combine,1,2007-08-07,2007-08-13,67.83,33.32,14.09,0.59,0.00,32.17
20070731,Combine,1,2007-07-31,2007-08-06,61.29,30.42,13.04,0.24,0.00,38.71
20070724,Combine,1,2007-07-24,2007-07-30,54.16,25.01,6.30,0.24,0.00,45.84
20070717,Combine,1,2007-07-17,2007-07-23,46.36,21.13,2.90,0.24,0.00,53.64
20070710,Combine,1,2007-07-10,2007-07-16,41.72,17.89,2.64,0.00,0.00,58.28
20070703,Combine,1,2007-07-03,2007-07-09,36.36,11.70,1.71,0.00,0.00,63.64
20070626,Combine,1,2007-06-26,2007-07-02,38.97,12.52,1.91,0.00,0.00,61.03
20070619,Combine,1,2007-06-19,2007-06-25,38.72,13.02,1.45,0.00,0.00,61.28
20070612,Combine,1,2007-06-12,2007-06-18,35.62,12.74,2.28,0.00,0.00,64.38
20070605,Combine,1,2007-06-05,2007-06-11,38.89,12.01,3.32,0.36,0.00,61.11
20070529,Combine,1,2007-05-29,2007-06-04,30.70,10.37,3.32,0.70,0.00,69.30
20070522,Combine,1,2007-05-22,2007-05-28,27.71,12.06,4.72,1.55,0.00,72.29
20070515,Combine,1,2007-05-15,2007-05-21,26.88,14.10,5.40,1.55,0.00,73.12
20070508,Combine,1,2007-05-08,2007-05-14,23.33,14.36,5.56,1.50,0.00,76.67
20070501,Combine,1,2007-05-01,2007-05-07,27.18,15.74,6.88,2.48,0.00,72.82
20070424,Combine,1,2007-04-24,2007-04-30,27.05,15.21,6.82,2.63,0.00,72.95
20070417,Combine,1,2007-04-17,2007-04-23,26.79,17.50,8.41,2.76,0.00,73.21
20070410,Combine,1,2007-04-10,2007-04-16,35.54,18.32,8.75,2.76,0.00,64.46
20070403,Combine,1,2007-04-03,2007-04-09,35.94,17.93,9.19,2.95,0.00,64.06
20070327,Combine,1,2007-03-27,2007-04-02,42.90,25.90,16.23,5.44,0.00,57.10
20070320,Combine,1,2007-03-20,2007-03-26,34.36,25.90,16.23,5.44,0.00,65.64
20070313,Combine,1,2007-03-13,2007-03-19,33.81,25.90,16.23,5.88,0.00,66.19
20070306,Combine,1,2007-03-06,2007-03-12,33.76,25.90,16.23,5.88,0.00,66.24
20070227,Combine,1,2007-02-27,2007-03-05,36.58,28.55,17.94,7.85,0.00,63.42
20070220,Combine,1,2007-02-20,2007-02-26,46.31,31.23,20.76,10.06,0.00,53.69
20070213,Combine,1,2007-02-13,2007-02-19,46.06,31.23,21.20,10.46,0.00,53.94
20070206,Combine,1,2007-02-06,2007-02-12,46.95,31.23,20.38,10.46,0.00,53.05
20070130,Combine,1,2007-01-30,2007-02-05,46.88,31.23,20.38,10.46,0.00,53.12
20070123,Combine,1,2007-01-23,2007-01-29,46.88,31.23,20.38,10.42,0.00,53.12
20070116,Combine,1,2007-01-16,2007-01-22,50.55,32.18,20.38,10.42,0.00,49.45
20070109,Combine,1,2007-01-09,2007-01-15,53.66,32.76,20.38,10.42,0.00,46.34
20070102,Combine,1,2007-01-02,2007-01-08,56.56,32.97,20.38,10.32,0.00,43.44
20061226,Combine,1,2006-12-26,2007-01-01,63.86,33.47,20.68,10.32,0.00,36.14
20061219,Combine,1,2006-12-19,2006-12-25,64.08,33.81,20.68,10.97,0.00,35.92
20061212,Combine,1,2006-12-12,2006-12-18,59.12,32.83,20.63,10.92,0.00,40.88
20061205,Combine,1,2006-12-05,2006-12-11,58.26,32.87,20.65,10.92,0.00,41.74
20061128,Combine,1,2006-11-28,2006-12-04,62.75,39.34,22.26,10.92,0.00,37.25
20061121,Combine,1,2006-11-21,2006-11-27,62.69,39.32,22.26,10.92,0.00,37.31
20061114,Combine,1,2006-11-14,2006-11-20,62.27,39.28,22.30,10.92,0.00,37.73
20061107,Combine,1,2006-11-07,2006-11-13,55.93,39.28,22.30,10.92,0.00,44.07
20061031,Combine,1,2006-10-31,2006-11-06,55.48,42.02,23.25,10.97,0.00,44.52
20061024,Combine,1,2006-10-24,2006-10-30,56.24,43.55,24.56,11.31,0.00,43.76
20061017,Combine,1,2006-10-17,2006-10-23,62.63,44.36,24.47,11.31,0.00,37.37
20061010,Combine,1,2006-10-10,2006-10-16,62.63,44.47,24.07,11.60,0.00,37.37
20061003,Combine,1,2006-10-03,2006-10-09,59.38,43.98,22.87,11.84,0.00,40.62
20060926,Combine,1,2006-09-26,2006-10-02,59.83,41.55,22.87,12.03,0.00,40.17
20060919,Combine,1,2006-09-19,2006-09-25,66.90,49.05,23.54,16.43,0.00,33.10
20060912,Combine,1,2006-09-12,2006-09-18,67.55,52.47,29.08,15.43,0.00,32.45
20060905,Combine,1,2006-09-05,2006-09-11,70.40,54.47,30.36,14.36,0.00,29.60
20060829,Combine,1,2006-08-29,2006-09-04,73.97,56.93,30.81,15.16,0.88,26.03
20060822,Combine,1,2006-08-22,2006-08-28,76.69,63.84,43.47,16.60,1.95,23.31
20060815,Combine,1,2006-08-15,2006-08-21,76.76,66.59,44.46,19.11,3.35,23.24
20060808,Combine,1,2006-08-08,2006-08-14,77.33,68.55,47.49,19.84,3.54,22.67
20060801,Combine,1,2006-08-01,2006-08-07,76.35,66.50,43.24,16.41,2.86,23.65
20060725,Combine,1,2006-07-25,2006-07-31,76.25,64.95,36.62,12.18,2.39,23.75
20060718,Combine,1,2006-07-18,2006-07-24,77.23,62.39,30.01,6.14,1.75,22.77
20060711,Combine,1,2006-07-11,2006-07-17,76.98,43.22,12.59,2.72,0.65,23.02
20060704,Combine,1,2006-07-04,2006-07-10,69.22,33.88,11.13,2.67,0.00,30.78
20060627,Combine,1,2006-06-27,2006-07-03,63.80,27.27,9.92,3.19,0.00,36.20
20060620,Combine,1,2006-06-20,2006-06-26,61.00,22.71,9.20,2.72,0.00,39.00
20060613,Combine,1,2006-06-13,2006-06-19,58.05,21.62,9.20,2.72,0.00,41.95
20060606,Combine,1,2006-06-06,2006-06-12,42.94,21.18,7.56,0.00,0.00,57.06
20060530,Combine,1,2006-05-30,2006-06-05,45.22,20.41,5.67,0.00,0.00,54.78
20060523,Combine,1,2006-05-23,2006-05-29,41.97,19.14,4.39,0.00,0.00,58.03
20060516,Combine,1,2006-05-16,2006-05-22,42.09,15.86,1.02,0.00,0.00,57.91
20060509,Combine,1,2006-05-09,2006-05-15,45.18,17.19,0.36,0.00,0.00,54.82
20060502,Combine,1,2006-05-02,2006-05-08,43.77,20.79,3.61,0.00,0.00,56.23
20060425,Combine,1,2006-04-25,2006-05-01,46.09,26.83,6.85,1.27,0.00,53.91
20060418,Combine,1,2006-04-18,2006-04-24,49.00,27.01,6.85,1.36,0.00,51.00
20060411,Combine,1,2006-04-11,2006-04-17,48.09,27.28,2.94,0.63,0.00,51.91
20060404,Combine,1,2006-04-04,2006-04-10,47.01,27.58,3.25,0.63,0.00,52.99
20060328,Combine,1,2006-03-28,2006-04-03,54.52,33.11,9.89,0.63,0.00,45.48
20060321,Combine,1,2006-03-21,2006-03-27,59.51,32.63,9.89,0.63,0.00,40.49
20060314,Combine,1,2006-03-14,2006-03-20,48.57,35.24,12.72,1.54,0.18,51.43
20060307,Combine,1,2006-03-07,2006-03-13,57.82,41.05,15.41,2.90,0.67,42.18
20060228,Combine,1,2006-02-28,2006-03-06,51.71,35.83,15.26,2.90,0.67,48.29
20060221,Combine,1,2006-02-21,2006-02-27,47.06,33.36,11.74,2.90,0.60,52.94
20060214,Combine,1,2006-02-14,2006-02-20,47.26,33.22,12.65,2.93,0.41,52.74
20060207,Combine,1,2006-02-07,2006-02-13,45.63,33.13,13.15,3.50,0.40,54.37
20060131,Combine,1,2006-01-31,2006-02-06,46.37,33.18,12.11,3.63,0.40,53.63
20060124,Combine,1,2006-01-24,2006-01-30,48.42,33.50,15.05,6.23,0.54,51.58
20060117,Combine,1,2006-01-17,2006-01-23,47.59,33.24,13.43,5.68,0.54,52.41
20060110,Combine,1,2006-01-10,2006-01-16,47.33,31.65,13.55,5.30,0.54,52.67
20060103,Combine,1,2006-01-03,2006-01-09,47.13,30.10,13.12,3.84,0.54,52.87
20051227,Combine,1,2005-12-27,2006-01-02,46.96,29.32,10.18,4.19,0.54,53.04
20051220,Combine,1,2005-12-20,2005-12-26,46.96,29.32,10.18,4.19,0.54,53.04
20051213,Combine,1,2005-12-13,2005-12-19,45.42,28.88,9.95,3.50,0.00,54.58
20051206,Combine,1,2005-12-06,2005-12-12,44.85,28.86,9.54,3.28,0.00,55.15
20051129,Combine,1,2005-11-29,2005-12-05,44.35,26.39,8.15,2.75,0.00,55.65
20051122,Combine,1,2005-11-22,2005-11-28,49.87,27.07,8.06,2.76,0.00,50.13
20051115,Combine,1,2005-11-15,2005-11-21,49.92,26.73,6.64,2.76,0.00,50.08
20051108,Combine,1,2005-11-08,2005-11-14,53.79,27.68,6.81,2.76,0.00,46.21
20051101,Combine,1,2005-11-01,2005-11-07,52.97,24.50,6.51,2.92,0.00,47.03
20051025,Combine,1,2005-10-25,2005-10-31,50.29,22.23,6.46,2.92,0.00,49.71
20051018,Combine,1,2005-10-18,2005-10-24,49.61,19.38,6.55,2.92,0.00,50.39
20051011,Combine,1,2005-10-11,2005-10-17,46.31,17.26,5.96,2.60,0.00,53.69
20051004,Combine,1,2005-10-04,2005-10-10,41.05,18.97,4.10,2.48,0.00,58.95
20050927,Combine,1,2005-09-27,2005-10-03,40.94,19.21,4.36,1.78,0.00,59.06
20050920,Combine,1,2005-09-20,2005-09-26,49.41,26.01,8.69,2.34,0.00,50.59
20050913,Combine,1,2005-09-13,2005-09-19,56.00,31.51,13.61,5.96,0.00,44.00
20050906,Combine,1,2005-09-06,2005-09-12,54.36,27.40,12.08,4.79,0.00,45.64
20050830,Combine,1,2005-08-30,2005-09-05,49.97,25.41,11.10,3.55,0.00,50.03
20050823,Combine,1,2005-08-23,2005-08-29,50.82,29.22,12.56,3.55,0.00,49.18
20050816,Combine,1,2005-08-16,2005-08-22,55.78,31.50,13.29,4.27,0.00,44.22
20050809,Combine,1,2005-08-09,2005-08-15,65.04,37.58,19.09,7.50,0.00,34.96
20050802,Combine,1,2005-08-02,2005-08-08,62.90,35.42,18.52,7.05,0.00,37.10
20050726,Combine,1,2005-07-26,2005-08-01,63.22,37.38,17.68,7.39,0.00,36.78
20050719,Combine,1,2005-07-19,2005-07-25,65.88,34.81,13.94,4.84,0.00,34.12
20050712,Combine,1,2005-07-12,2005-07-18,55.54,27.92,11.96,3.77,0.00,44.46
20050705,Combine,1,2005-07-05,2005-07-11,48.59,29.29,16.19,5.75,0.00,51.41
20050628,Combine,1,2005-06-28,2005-07-04,52.48,28.73,13.44,1.28,0.00,47.52
20050621,Combine,1,2005-06-21,2005-06-27,45.09,24.96,6.48,0.00,0.00,54.91
20050614,Combine,1,2005-06-14,2005-06-20,43.68,22.52,5.74,0.00,0.00,56.32
20050607,Combine,1,2005-06-07,2005-06-13,52.09,29.69,3.21,0.12,0.00,47.91
20050531,Combine,1,2005-05-31,2005-06-06,52.39,20.17,4.45,0.12,0.00,47.61
20050524,Combine,1,2005-05-24,2005-05-30,53.21,15.57,4.45,0.12,0.00,46.79
20050517,Combine,1,2005-05-17,2005-05-23,43.94,14.80,4.45,0.12,0.00,56.06
20050510,Combine,1,2005-05-10,2005-05-16,62.03,16.42,7.70,1.05,0.00,37.97
20050503,Combine,1,2005-05-03,2005-05-09,41.60,16.15,7.70,1.01,0.09,58.40
20050426,Combine,1,2005-04-26,2005-05-02,29.58,16.15,7.70,1.01,0.09,70.42
20050419,Combine,1,2005-04-19,2005-04-25,27.71,15.45,9.29,1.73,0.45,72.29
20050412,Combine,1,2005-04-12,2005-04-18,24.59,15.45,9.29,1.53,0.08,75.41
20050405,Combine,1,2005-04-05,2005-04-11,31.57,17.11,9.56,1.53,0.08,68.43
20050329,Combine,1,2005-03-29,2005-04-04,32.75,17.70,9.49,1.53,0.08,67.25
20050322,Combine,1,2005-03-22,2005-03-28,33.76,17.67,9.49,1.51,0.08,66.24
20050315,Combine,1,2005-03-15,2005-03-21,33.15,17.67,9.49,1.51,0.08,66.85
20050308,Combine,1,2005-03-08,2005-03-14,33.05,17.67,9.49,1.51,0.08,66.95
20050301,Combine,1,2005-03-01,2005-03-07,32.09,17.67,9.49,1.30,0.03,67.91
20050222,Combine,1,2005-02-22,2005-02-28,32.09,17.67,9.49,1.30,0.03,67.91
20050215,Combine,1,2005-02-15,2005-02-21,32.09,17.67,9.49,1.30,0.03,67.91
20050208,Combine,1,2005-02-08,2005-02-14,33.68,16.78,8.20,0.55,0.03,66.32
20050201,Combine,1,2005-02-01,2005-02-07,32.97,16.37,8.21,0.41,0.00,67.03
20050125,Combine,1,2005-01-25,2005-01-31,32.97,16.37,8.21,0.41,0.00,67.03
20050118,Combine,1,2005-01-18,2005-01-24,31.09,16.37,8.21,0.02,0.00,68.91
20050111,Combine,1,2005-01-11,2005-01-17,30.84,15.60,8.21,0.02,0.00,69.16
20050104,Combine,1,2005-01-04,2005-01-10,32.00,15.18,8.21,0.02,0.00,68.00
20041228,Combine,1,2004-12-28,2005-01-03,33.37,15.18,8.21,0.02,0.00,66.63
20041221,Combine,1,2004-12-21,2004-12-27,26.67,15.18,7.77,0.02,0.00,73.33
20041214,Combine,1,2004-12-14,2004-12-20,23.94,14.90,6.96,0.00,0.00,76.06
20041207,Combine,1,2004-12-07,2004-12-13,23.43,14.90,6.95,0.00,0.00,76.57
20041130,Combine,1,2004-11-30,2004-12-06,23.61,14.68,6.95,0.00,0.00,76.39
20041123,Combine,1,2004-11-23,2004-11-29,23.82,14.65,7.15,0.00,0.00,76.18
20041116,Combine,1,2004-11-16,2004-11-22,25.32,14.65,7.15,0.00,0.00,74.68
20041109,Combine,1,2004-11-09,2004-11-15,27.18,14.65,7.15,0.00,0.00,72.82
20041102,Combine,1,2004-11-02,2004-11-08,26.51,14.65,7.15,0.00,0.00,73.49
20041026,Combine,1,2004-10-26,2004-11-01,31.67,15.74,7.39,0.00,0.00,68.33
20041019,Combine,1,2004-10-19,2004-10-25,31.92,15.89,7.39,0.00,0.00,68.08
20041012,Combine,1,2004-10-12,2004-10-18,38.51,17.24,8.47,0.00,0.00,61.49
20041005,Combine,1,2004-10-05,2004-10-11,45.50,20.78,8.47,0.00,0.00,54.50
20040928,Combine,1,2004-09-28,2004-10-04,33.72,15.51,8.48,0.64,0.00,66.28
20040921,Combine,1,2004-09-21,2004-09-27,28.17,15.58,8.72,0.71,0.00,71.83
20040914,Combine,1,2004-09-14,2004-09-20,23.70,15.71,8.72,0.71,0.00,76.30
20040907,Combine,1,2004-09-07,2004-09-13,23.03,15.59,8.72,0.71,0.00,76.97
20040831,Combine,1,2004-08-31,2004-09-06,28.79,16.55,9.54,2.70,0.00,71.21
20040824,Combine,1,2004-08-24,2004-08-30,27.56,16.69,9.92,2.70,0.00,72.44
20040817,Combine,1,2004-08-17,2004-08-23,29.49,18.42,10.22,2.97,0.00,70.51
20040810,Combine,1,2004-08-10,2004-08-16,27.73,17.65,10.08,2.97,0.00,72.27
20040803,Combine,1,2004-08-03,2004-08-09,29.69,17.69,11.50,3.36,0.00,70.31
20040727,Combine,1,2004-07-27,2004-08-02,25.31,16.99,10.75,2.66,0.00,74.69
20040720,Combine,1,2004-07-20,2004-07-26,29.17,16.91,10.05,2.89,0.44,70.83
20040713,Combine,1,2004-07-13,2004-07-19,27.99,16.99,10.05,2.89,0.44,72.01
20040706,Combine,1,2004-07-06,2004-07-12,26.54,18.00,10.05,2.89,0.44,73.46
20040629,Combine,1,2004-06-29,2004-07-05,24.47,17.14,10.66,3.80,0.45,75.53
20040622,Combine,1,2004-06-22,2004-06-28,23.92,17.34,9.97,3.77,0.45,76.08
20040615,Combine,1,2004-06-15,2004-06-21,25.15,18.02,10.56,5.81,0.66,74.85
20040608,Combine,1,2004-06-08,2004-06-14,26.17,18.81,11.48,5.94,0.00,73.83
20040601,Combine,1,2004-06-01,2004-06-07,29.62,19.43,11.42,5.91,0.00,70.38
20040525,Combine,1,2004-05-25,2004-05-31,40.64,26.84,11.30,5.85,0.00,59.36
20040518,Combine,1,2004-05-18,2004-05-24,46.10,27.33,14.17,5.05,0.00,53.90
20040511,Combine,1,2004-05-11,2004-05-17,54.97,35.67,21.52,6.02,0.00,45.03
20040504,Combine,1,2004-05-04,2004-05-10,55.89,37.14,20.29,5.21,0.00,44.11
20040427,Combine,1,2004-04-27,2004-05-03,54.86,37.31,18.25,3.33,0.00,45.14
20040420,Combine,1,2004-04-20,2004-04-26,61.75,36.12,17.73,3.29,0.00,38.25
20040413,Combine,1,2004-04-13,2004-04-19,51.20,34.98,15.63,3.29,0.00,48.80
20040406,Combine,1,2004-04-06,2004-04-12,49.03,34.29,14.07,3.31,0.00,50.97
20040330,Combine,1,2004-03-30,2004-04-05,47.55,34.17,14.07,3.17,0.00,52.45
20040323,Combine,1,2004-03-23,2004-03-29,51.50,37.25,15.17,3.17,0.00,48.50
20040316,Combine,1,2004-03-16,2004-03-22,50.98,37.25,15.17,3.51,0.00,49.02
20040309,Combine,1,2004-03-09,2004-03-15,52.34,37.81,15.45,3.51,0.00,47.66
20040302,Combine,1,2004-03-02,2004-03-08,57.96,36.85,16.47,3.79,0.00,42.04
20040224,Combine,1,2004-02-24,2004-03-01,57.86,37.75,18.75,5.76,0.00,42.14
20040217,Combine,1,2004-02-17,2004-02-23,59.20,37.90,18.75,5.63,0.00,40.80
20040210,Combine,1,2004-02-10,2004-02-16,59.20,37.90,18.75,5.63,0.00,40.80
20040203,Combine,1,2004-02-03,2004-02-09,59.20,38.61,18.93,5.83,0.00,40.80
20040127,Combine,1,2004-01-27,2004-02-02,59.20,40.56,20.53,8.04,0.00,40.80
20040120,Combine,1,2004-01-20,2004-01-26,61.03,42.79,21.03,8.04,0.00,38.97
20040113,Combine,1,2004-01-13,2004-01-19,61.32,42.44,20.62,7.08,0.00,38.68
20040106,Combine,1,2004-01-06,2004-01-12,62.31,41.77,20.90,7.08,0.00,37.69
20031230,Combine,1,2003-12-30,2004-01-05,60.40,41.32,22.81,8.27,0.00,39.60
20031223,Combine,1,2003-12-23,2003-12-29,60.93,43.52,21.27,7.32,0.00,39.07
20031216,Combine,1,2003-12-16,2003-12-22,59.43,43.92,22.07,7.50,0.00,40.57
20031209,Combine,1,2003-12-09,2003-12-15,62.55,44.27,20.89,7.59,0.00,37.45
20031202,Combine,1,2003-12-02,2003-12-08,62.12,45.08,21.73,7.51,0.00,37.88
20031125,Combine,1,2003-11-25,2003-12-01,62.54,45.18,21.32,7.77,0.00,37.46
20031118,Combine,1,2003-11-18,2003-11-24,63.36,45.85,21.43,7.99,0.00,36.64
20031111,Combine,1,2003-11-11,2003-11-17,66.34,45.94,21.57,7.85,0.00,33.66
20031104,Combine,1,2003-11-04,2003-11-10,68.17,46.42,20.69,6.57,0.00,31.83
20031028,Combine,1,2003-10-28,2003-11-03,66.91,48.06,25.61,6.98,0.00,33.09
20031021,Combine,1,2003-10-21,2003-10-27,68.36,46.56,25.48,5.80,0.00,31.64
20031014,Combine,1,2003-10-14,2003-10-20,66.70,46.35,24.19,4.86,0.00,33.30
20031007,Combine,1,2003-10-07,2003-10-13,65.08,48.34,25.56,5.64,0.00,34.92
20030930,Combine,1,2003-09-30,2003-10-06,65.15,47.65,25.96,5.10,0.00,34.85
20030923,Combine,1,2003-09-23,2003-09-29,65.49,47.58,26.13,4.66,0.00,34.51
20030916,Combine,1,2003-09-16,2003-09-22,64.94,49.93,26.97,5.02,0.00,35.06
20030909,Combine,1,2003-09-09,2003-09-15,70.15,52.57,35.14,9.53,0.00,29.85
20030902,Combine,1,2003-09-02,2003-09-08,70.34,43.87,23.41,7.10,0.00,29.66
20030826,Combine,1,2003-08-26,2003-09-01,81.73,50.09,22.59,7.88,0.00,18.27
20030819,Combine,1,2003-08-19,2003-08-25,72.64,30.28,16.88,4.17,0.00,27.36
20030812,Combine,1,2003-08-12,2003-08-18,51.02,26.55,14.75,1.36,0.00,48.98
20030805,Combine,1,2003-08-05,2003-08-11,42.13,23.75,11.33,0.00,0.00,57.87
20030729,Combine,1,2003-07-29,2003-08-04,33.24,22.43,9.64,0.00,0.00,66.76
20030722,Combine,1,2003-07-22,2003-07-28,28.96,18.49,6.14,0.00,0.00,71.04
20030715,Combine,1,2003-07-15,2003-07-21,26.00,10.45,2.60,0.00,0.00,74.00
20030708,Combine,1,2003-07-08,2003-07-14,25.24,7.54,1.92,0.00,0.00,74.76
20030701,Combine,1,2003-07-01,2003-07-07,29.17,8.40,1.76,0.00,0.00,70.83
20030624,Combine,1,2003-06-24,2003-06-30,45.35,23.83,5.48,0.00,0.00,54.65
20030617,Combine,1,2003-06-17,2003-06-23,42.03,20.84,3.61,0.00,0.00,57.97
20030610,Combine,1,2003-06-10,2003-06-16,38.55,22.20,4.09,0.00,0.00,61.45
20030603,Combine,1,2003-06-03,2003-06-09,42.33,25.02,5.51,0.28,0.00,57.67
20030527,Combine,1,2003-05-27,2003-06-02,38.08,24.98,7.26,0.29,0.00,61.92
20030520,Combine,1,2003-05-20,2003-05-26,37.68,24.68,7.94,0.30,0.00,62.32
20030513,Combine,1,2003-05-13,2003-05-19,41.84,25.14,8.07,0.31,0.00,58.16
20030506,Combine,1,2003-05-06,2003-05-12,64.34,40.21,15.80,2.75,0.00,35.66
20030429,Combine,1,2003-04-29,2003-05-05,87.69,54.60,32.89,7.45,0.00,12.31
20030422,Combine,1,2003-04-22,2003-04-28,84.13,52.34,29.06,8.06,0.00,15.87
20030415,Combine,1,2003-04-15,2003-04-21,86.89,54.76,28.70,9.30,0.00,13.11
20030408,Combine,1,2003-04-08,2003-04-14,75.05,51.79,27.33,9.54,0.00,24.95
20030401,Combine,1,2003-04-01,2003-04-07,76.47,54.89,28.91,10.37,0.93,23.53
20030325,Combine,1,2003-03-25,2003-03-31,75.64,61.81,29.24,10.97,0.93,24.36
20030318,Combine,1,2003-03-18,2003-03-24,74.20,61.91,28.79,16.43,1.50,25.80
20030311,Combine,1,2003-03-11,2003-03-17,75.57,50.95,28.84,16.37,1.48,24.43
20030304,Combine,1,2003-03-04,2003-03-10,75.46,50.74,28.82,16.34,1.42,24.54
20030225,Combine,1,2003-02-25,2003-03-03,75.64,45.56,28.13,15.92,0.62,24.36
20030218,Combine,1,2003-02-18,2003-02-24,76.39,45.25,26.07,15.89,0.63,23.61
20030211,Combine,1,2003-02-11,2003-02-17,79.94,47.23,28.03,15.95,0.61,20.06
20030204,Combine,1,2003-02-04,2003-02-10,79.59,47.06,27.97,16.02,0.59,20.41
20030128,Combine,1,2003-01-28,2003-02-03,79.80,47.05,27.80,16.07,0.59,20.20
20030121,Combine,1,2003-01-21,2003-01-27,79.58,46.16,27.32,16.35,0.50,20.42
20030114,Combine,1,2003-01-14,2003-01-20,70.85,44.12,24.62,16.54,0.56,29.15
20030107,Combine,1,2003-01-07,2003-01-13,69.78,40.04,24.09,16.18,0.59,30.22
20021231,Combine,1,2002-12-31,2003-01-06,61.38,37.00,22.27,12.29,0.61,38.62
20021224,Combine,1,2002-12-24,2002-12-30,60.03,35.94,21.42,11.01,0.59,39.97
20021217,Combine,1,2002-12-17,2002-12-23,61.47,36.89,21.43,11.13,0.53,38.53
20021210,Combine,1,2002-12-10,2002-12-16,60.62,34.42,20.69,10.95,0.60,39.38
20021203,Combine,1,2002-12-03,2002-12-09,50.38,30.96,18.15,9.28,0.52,49.62
20021126,Combine,1,2002-11-26,2002-12-02,48.10,26.84,16.24,9.27,0.56,51.90
20021119,Combine,1,2002-11-19,2002-11-25,47.01,27.24,16.16,9.25,0.63,52.99
20021112,Combine,1,2002-11-12,2002-11-18,41.88,26.87,16.20,9.57,0.60,58.12
20021105,Combine,1,2002-11-05,2002-11-11,43.59,28.77,16.18,9.41,0.61,56.41
20021029,Combine,1,2002-10-29,2002-11-04,42.91,29.42,16.68,9.61,0.64,57.09
20021022,Combine,1,2002-10-22,2002-10-28,45.28,30.15,17.07,9.91,0.73,54.72
20021015,Combine,1,2002-10-15,2002-10-21,50.11,30.17,17.10,9.75,0.75,49.89
20021008,Combine,1,2002-10-08,2002-10-14,53.23,27.20,14.94,8.52,0.73,46.77
20021001,Combine,1,2002-10-01,2002-10-07,52.60,27.56,16.31,9.28,1.20,47.40
20020924,Combine,1,2002-09-24,2002-09-30,46.00,32.66,17.24,9.58,1.36,54.00
20020917,Combine,1,2002-09-17,2002-09-23,49.35,32.57,18.87,10.34,1.40,50.65
20020910,Combine,1,2002-09-10,2002-09-16,47.28,31.98,19.36,11.40,1.38,52.72
20020903,Combine,1,2002-09-03,2002-09-09,41.75,27.44,19.15,12.27,4.68,58.25
20020827,Combine,1,2002-08-27,2002-09-02,38.88,26.91,16.55,12.76,6.91,61.12
20020820,Combine,1,2002-08-20,2002-08-26,42.52,28.31,17.59,13.29,7.26,57.48
20020813,Combine,1,2002-08-13,2002-08-19,49.97,33.28,20.51,13.46,7.21,50.03
20020806,Combine,1,2002-08-06,2002-08-12,53.30,34.35,20.66,13.91,7.30,46.70
20020730,Combine,1,2002-07-30,2002-08-05,55.06,33.90,19.74,14.93,4.71,44.94
20020723,Combine,1,2002-07-23,2002-07-29,58.19,31.22,20.01,4.70,0.86,41.81
20020716,Combine,1,2002-07-16,2002-07-22,48.89,22.96,12.98,2.88,0.00,51.11
20020709,Combine,1,2002-07-09,2002-07-15,41.90,23.23,11.94,2.83,0.00,58.10
20020702,Combine,1,2002-07-02,2002-07-08,38.83,21.22,13.00,3.56,0.00,61.17
20020625,Combine,1,2002-06-25,2002-07-01,28.71,16.74,7.45,2.92,0.00,71.29
20020618,Combine,1,2002-06-18,2002-06-24,31.68,18.04,6.32,1.00,0.00,68.32
20020611,Combine,1,2002-06-11,2002-06-17,27.12,10.64,2.08,0.80,0.00,72.88
20020604,Combine,1,2002-06-04,2002-06-10,31.31,8.86,2.12,0.82,0.00,68.69
20020528,Combine,1,2002-05-28,2002-06-03,31.01,5.93,2.24,0.80,0.00,68.99
20020521,Combine,1,2002-05-21,2002-05-27,23.88,6.46,2.22,1.06,0.00,76.12
20020514,Combine,1,2002-05-14,2002-05-20,29.38,11.02,3.20,1.19,0.00,70.62
20020507,Combine,1,2002-05-07,2002-05-13,43.83,18.29,3.80,0.00,0.00,56.17
20020430,Combine,1,2002-04-30,2002-05-06,44.97,14.48,2.01,0.00,0.00,55.03
20020423,Combine,1,2002-04-23,2002-04-29,46.44,16.37,1.63,0.00,0.00,53.56
20020416,Combine,1,2002-04-16,2002-04-22,51.24,18.63,0.84,0.00,0.00,48.76
20020409,Combine,1,2002-04-09,2002-04-15,50.26,12.74,0.18,0.00,0.00,49.74
20020402,Combine,1,2002-04-02,2002-04-08,50.26,6.55,0.18,0.00,0.00,49.74
20020326,Combine,1,2002-03-26,2002-04-01,50.08,7.19,0.11,0.00,0.00,49.92
20020319,Combine,1,2002-03-19,2002-03-25,48.00,6.90,0.10,0.00,0.00,52.00
20020312,Combine,1,2002-03-12,2002-03-18,46.82,7.78,0.47,0.00,0.00,53.18
20020305,Combine,1,2002-03-05,2002-03-11,46.71,7.44,0.20,0.00,0.00,53.29
20020226,Combine,1,2002-02-26,2002-03-04,47.49,7.70,0.25,0.00,0.00,52.51
20020219,Combine,1,2002-02-19,2002-02-25,42.84,5.26,0.00,0.00,0.00,57.16
20020212,Combine,1,2002-02-12,2002-02-18,42.81,5.34,0.00,0.00,0.00,57.19
20020205,Combine,1,2002-02-05,2002-02-11,40.36,6.00,0.00,0.00,0.00,59.64
20020129,Combine,1,2002-01-29,2002-02-04,33.22,2.43,0.00,0.00,0.00,66.78
20020122,Combine,1,2002-01-22,2002-01-28,26.75,2.64,0.00,0.00,0.00,73.25
20020115,Combine,1,2002-01-15,2002-01-21,26.17,2.42,0.00,0.00,0.00,73.83
20020108,Combine,1,2002-01-08,2002-01-14,23.23,2.67,0.00,0.00,0.00,76.77
20020101,Combine,1,2002-01-01,2002-01-07,20.92,3.32,0.00,0.00,0.00,79.08
20011225,Combine,1,2001-12-25,2001-12-31,19.85,3.33,0.00,0.00,0.00,80.15
20011218,Combine,1,2001-12-18,2001-12-24,17.37,3.33,0.00,0.00,0.00,82.63
20011211,Combine,1,2001-12-11,2001-12-17,18.46,3.33,0.00,0.00,0.00,81.54
20011204,Combine,1,2001-12-04,2001-12-10,20.45,3.33,0.00,0.00,0.00,79.55
20011127,Combine,1,2001-11-27,2001-12-03,20.76,0.79,0.00,0.00,0.00,79.24
20011120,Combine,1,2001-11-20,2001-11-26,38.25,1.14,0.00,0.00,0.00,61.75
20011113,Combine,1,2001-11-13,2001-11-19,35.95,0.89,0.00,0.00,0.00,64.05
20011106,Combine,1,2001-11-06,2001-11-12,26.24,0.89,0.00,0.00,0.00,73.76
20011030,Combine,1,2001-10-30,2001-11-05,25.14,0.89,0.00,0.00,0.00,74.86
20011023,Combine,1,2001-10-23,2001-10-29,23.94,1.23,0.00,0.00,0.00,76.06
20011016,Combine,1,2001-10-16,2001-10-22,18.53,1.23,0.00,0.00,0.00,81.47
20011009,Combine,1,2001-10-09,2001-10-15,22.77,2.74,0.64,0.00,0.00,77.23
20011002,Combine,1,2001-10-02,2001-10-08,15.49,2.78,0.64,0.00,0.00,84.51
20010925,Combine,1,2001-09-25,2001-10-01,11.12,3.18,1.10,0.00,0.00,88.88
20010918,Combine,1,2001-09-18,2001-09-24,16.79,3.18,1.10,0.00,0.00,83.21
20010911,Combine,1,2001-09-11,2001-09-17,29.30,3.59,1.10,0.00,0.00,70.70
20010904,Combine,1,2001-09-04,2001-09-10,40.14,4.38,1.09,0.00,0.00,59.86
20010828,Combine,1,2001-08-28,2001-09-03,23.68,4.25,1.23,0.00,0.00,76.32
20010821,Combine,1,2001-08-21,2001-08-27,20.90,4.63,0.84,0.00,0.00,79.10
20010814,Combine,1,2001-08-14,2001-08-20,28.27,5.19,0.37,0.00,0.00,71.73
20010807,Combine,1,2001-08-07,2001-08-13,28.27,3.62,0.72,0.00,0.00,71.73
20010731,Combine,1,2001-07-31,2001-08-06,30.89,3.85,0.72,0.00,0.00,69.11
20010724,Combine,1,2001-07-24,2001-07-30,26.50,3.46,0.72,0.00,0.00,73.50
20010717,Combine,1,2001-07-17,2001-07-23,27.04,3.74,1.11,0.00,0.00,72.96
20010710,Combine,1,2001-07-10,2001-07-16,11.38,3.98,1.11,0.00,0.00,88.62
20010703,Combine,1,2001-07-03,2001-07-09,16.90,5.21,1.20,0.00,0.00,83.10
20010626,Combine,1,2001-06-26,2001-07-02,11.96,4.50,1.20,0.00,0.00,88.04
20010619,Combine,1,2001-06-19,2001-06-25,10.60,4.50,1.20,0.00,0.00,89.40
20010612,Combine,1,2001-06-12,2001-06-18,8.09,3.77,1.45,0.00,0.00,91.91
20010605,Combine,1,2001-06-05,2001-06-11,10.60,4.45,1.11,0.00,0.00,89.40
20010529,Combine,1,2001-05-29,2001-06-04,14.49,8.30,1.34,0.00,0.00,85.51
20010522,Combine,1,2001-05-22,2001-05-28,16.90,8.67,1.93,0.00,0.00,83.10
20010515,Combine,1,2001-05-15,2001-05-21,31.20,15.64,7.24,0.00,0.00,68.80
20010508,Combine,1,2001-05-08,2001-05-14,27.54,13.67,6.24,0.00,0.00,72.46
20010501,Combine,1,2001-05-01,2001-05-07,19.26,8.30,0.00,0.00,0.00,80.74
20010424,Combine,1,2001-04-24,2001-04-30,10.95,2.42,0.00,0.00,0.00,89.05
20010417,Combine,1,2001-04-17,2001-04-23,8.44,0.26,0.00,0.00,0.00,91.56
20010410,Combine,1,2001-04-10,2001-04-16,15.64,0.59,0.00,0.00,0.00,84.36
20010403,Combine,1,2001-04-03,2001-04-09,21.04,1.00,0.00,0.00,0.00,78.96
20010327,Combine,1,2001-03-27,2001-04-02,19.73,0.00,0.00,0.00,0.00,80.27
20010320,Combine,1,2001-03-20,2001-03-26,8.38,0.00,0.00,0.00,0.00,91.62
20010313,Combine,1,2001-03-13,2001-03-19,7.79,0.00,0.00,0.00,0.00,92.21
20010306,Combine,1,2001-03-06,2001-03-12,7.67,0.46,0.00,0.00,0.00,92.33
20010227,Combine,1,2001-02-27,2001-03-05,7.51,0.55,0.00,0.00,0.00,92.49
20010220,Combine,1,2001-02-20,2001-02-26,10.43,1.01,0.00,0.00,0.00,89.57
20010213,Combine,1,2001-02-13,2001-02-19,12.28,1.26,0.31,0.00,0.00,87.72
20010206,Combine,1,2001-02-06,2001-02-12,17.67,3.37,0.00,0.00,0.00,82.33
20010130,Combine,1,2001-01-30,2001-02-05,19.13,3.43,0.00,0.00,0.00,80.87
20010123,Combine,1,2001-01-23,2001-01-29,38.75,7.09,1.14,0.00,0.00,61.25
20010116,Combine,1,2001-01-16,2001-01-22,26.04,6.81,0.78,0.00,0.00,73.96
20010109,Combine,1,2001-01-09,2001-01-15,25.95,6.81,2.50,0.00,0.00,74.05
20010102,Combine,1,2001-01-02,2001-01-08,22.71,6.63,2.50,0.00,0.00,77.29
20001226,Combine,1,2000-12-26,2001-01-01,22.71,6.43,2.50,0.00,0.00,77.29
20001219,Combine,1,2000-12-19,2000-12-25,24.56,6.78,2.25,0.00,0.00,75.44
20001212,Combine,1,2000-12-12,2000-12-18,26.85,7.62,2.05,0.00,0.00,73.15
20001205,Combine,1,2000-12-05,2000-12-11,27.47,7.44,2.03,0.00,0.00,72.53
20001128,Combine,1,2000-11-28,2000-12-04,27.90,7.09,2.09,0.00,0.00,72.10
20001121,Combine,1,2000-11-21,2000-11-27,27.03,8.65,3.65,1.01,0.00,72.97
20001114,Combine,1,2000-11-14,2000-11-20,29.67,10.46,4.68,1.15,0.00,70.33
20001107,Combine,1,2000-11-07,2000-11-13,40.01,11.91,5.45,0.94,0.00,59.99
20001031,Combine,1,2000-10-31,2000-11-06,57.29,35.32,11.39,4.78,0.77,42.71
20001024,Combine,1,2000-10-24,2000-10-30,55.70,35.22,16.05,6.68,0.63,44.30
20001017,Combine,1,2000-10-17,2000-10-23,51.52,33.59,15.94,4.54,0.00,48.48
20001010,Combine,1,2000-10-10,2000-10-16,45.36,27.07,15.36,2.55,0.00,54.64
20001003,Combine,1,2000-10-03,2000-10-09,49.13,26.30,17.07,4.24,0.00,50.87
20000926,Combine,1,2000-09-26,2000-10-02,46.01,24.19,17.07,4.10,0.00,53.99
20000919,Combine,1,2000-09-19,2000-09-25,49.79,31.32,20.70,5.36,0.00,50.21
20000912,Combine,1,2000-09-12,2000-09-18,40.06,24.20,15.01,3.54,0.00,59.94
20000905,Combine,1,2000-09-05,2000-09-11,37.26,21.07,11.59,3.05,0.00,62.74
20000829,Combine,1,2000-08-29,2000-09-04,27.15,16.90,7.70,2.26,0.00,72.85
20000822,Combine,1,2000-08-22,2000-08-28,23.81,16.07,6.70,1.07,0.00,76.19
20000815,Combine,1,2000-08-15,2000-08-21,24.72,15.44,5.81,1.07,0.00,75.28
20000808,Combine,1,2000-08-08,2000-08-14,22.30,10.88,3.52,0.82,0.00,77.70
20000801,Combine,1,2000-08-01,2000-08-07,23.53,11.79,3.85,0.82,0.00,76.47
20000725,Combine,1,2000-07-25,2000-07-31,25.96,12.85,3.85,0.82,0.00,74.04
20000718,Combine,1,2000-07-18,2000-07-24,25.38,12.78,3.93,1.02,0.00,74.62
20000711,Combine,1,2000-07-11,2000-07-17,21.42,14.30,4.19,0.96,0.00,78.58
20000704,Combine,1,2000-07-04,2000-07-10,22.29,15.00,7.08,0.96,0.00,77.71
20000627,Combine,1,2000-06-27,2000-07-03,27.05,17.07,9.56,0.00,0.00,72.95
20000620,Combine,1,2000-06-20,2000-06-26,30.38,20.64,14.38,1.66,0.00,69.62
20000613,Combine,1,2000-06-13,2000-06-19,44.43,25.42,14.93,3.36,0.00,55.57
20000606,Combine,1,2000-06-06,2000-06-12,38.61,21.95,13.16,2.34,0.00,61.39
20000530,Combine,1,2000-05-30,2000-06-05,42.66,24.03,13.61,0.62,0.00,57.34
20000523,Combine,1,2000-05-23,2000-05-29,54.66,34.51,20.36,1.13,0.00,45.34
20000516,Combine,1,2000-05-16,2000-05-22,72.33,49.30,26.59,0.00,0.00,27.67
20000509,Combine,1,2000-05-09,2000-05-15,72.05,45.64,23.28,0.00,0.00,27.95
20000502,Combine,1,2000-05-02,2000-05-08,72.74,50.21,26.17,0.00,0.00,27.26
20000425,Combine,1,2000-04-25,2000-05-01,71.85,46.12,22.83,0.00,0.00,28.15
20000418,Combine,1,2000-04-18,2000-04-24,79.84,49.72,26.54,0.00,0.00,20.16
20000411,Combine,1,2000-04-11,2000-04-17,73.73,48.38,24.81,0.00,0.00,26.27
20000404,Combine,1,2000-04-04,2000-04-10,81.25,47.02,27.11,0.00,0.00,18.75
20000328,Combine,1,2000-03-28,2000-04-03,73.77,42.38,18.61,0.00,0.00,26.23
20000321,Combine,1,2000-03-21,2000-03-27,75.49,43.45,19.47,0.00,0.00,24.51
20000314,Combine,1,2000-03-14,2000-03-20,76.76,45.36,20.09,0.00,0.00,23.24
20000307,Combine,1,2000-03-07,2000-03-13,85.15,50.67,19.06,0.00,0.00,14.85
20000229,Combine,1,2000-02-29,2000-03-06,84.90,51.05,18.47,0.00,0.00,15.10
20000222,Combine,1,2000-02-22,2000-02-28,88.54,54.02,14.00,0.00,0.00,11.46
20000215,Combine,1,2000-02-15,2000-02-21,92.89,56.04,14.31,0.00,0.00,7.11
20000208,Combine,1,2000-02-08,2000-02-14,93.15,56.04,14.80,0.00,0.00,6.85
20000201,Combine,1,2000-02-01,2000-02-07,93.15,55.69,13.96,0.00,0.00,6.85
20000125,Combine,1,2000-01-25,2000-01-31,97.09,42.08,13.04,0.00,0.00,2.91
20000118,Combine,1,2000-01-18,2000-01-24,95.12,41.66,13.27,0.00,0.00,4.88
20000111,Combine,1,2000-01-11,2000-01-17,89.51,39.84,13.27,0.00,0.00,10.49
20000104,Combine,1,2000-01-04,2000-01-10,89.60,37.32,11.13,0.00,0.00,10.40
